source_id,source_name,iso3_country,original_inventory_sector,lat,lon,geometry_ref,relationship,ultimate_parent_name,ultimate_parent_id,percent_interest_parent,company_name,company_id,percent_interest_company,interest_units,start_date,end_date,created_date,modified_date,percent_company_datasource,percent_parent_datasource
18652550,Capitan Bermudez Pulp and Paper,ARG,pulp-and-paper,-32.8263,-60.702095,trace_-60.702095_-32.8263,owner,Celulosa Argentina,100001011608.0,100.0,Celulosa Argentina,100001011608,100,real_property_paper-mill,2022-01-01 00:00:00,2022-12-31 00:00:00,2023-11-29 22:49:35.950072,,,
18652548,Libertador General San Martin (Ledesma) Pulp and Paper,ARG,pulp-and-paper,-23.826248,-64.794858,trace_-64.794858_-23.826248,owner,Ledesma SAAI,100001011609.0,100.0,Ledesma SAAI,100001011609,100,real_property_paper-mill,2022-01-01 00:00:00,2022-12-31 00:00:00,2023-11-29 22:49:35.950117,,,
18652521,Puerto Esperanza Pulp,ARG,pulp-and-paper,-25.989382,-54.635025,trace_-54.635025_-25.989382,owner,Arauco Argentina,100001011628.0,100.0,Arauco Argentina,100001011628,100,real_property_paper-mill,2022-01-01 00:00:00,2022-12-31 00:00:00,2023-11-29 22:49:35.950751,,,
18652424,Morwell Kraft Pulp and Paper Mill (Maryvale),AUS,pulp-and-paper,-38.182593,146.447494,trace_146.447494_-38.182593,owner,Paper Australia,100001011677.0,100.0,Paper Australia,100001011677,100,real_property_paper-mill,2022-01-01 00:00:00,2022-12-31 00:00:00,2023-11-29 22:49:35.95214,,,
18652428,Tumut Kraft Pulp and Linerboard Mill,AUS,pulp-and-paper,-35.295393,148.136552,trace_148.136552_-35.295393,owner,Visy Industries,100001011674.0,100.0,Visy Industries,100001011674,100,real_property_paper-mill,2022-01-01 00:00:00,2022-12-31 00:00:00,2023-11-29 22:49:35.952073,,,
18652526,Bruck an der Mur Pulp & Paper Mill,AUT,pulp-and-paper,47.416924,15.278207,trace_15.278207_47.416924,owner,Norske Skog Bruck,100001011624.0,100.0,Norske Skog Bruck,100001011624,100,real_property_paper-mill,2022-01-01 00:00:00,2022-12-31 00:00:00,2023-11-29 22:49:35.950607,,,
18652405,Gratkorn Pulp & Paper Mill,AUT,pulp-and-paper,47.13162,15.336602,trace_15.336602_47.13162,owner,Sappi,100000001654.0,100.0,Sappi Austria Produktions,100000001655,100,real_property_paper-mill,2022-01-01 00:00:00,2022-12-31 00:00:00,2023-11-29 22:49:35.952465,,,{4593}
18652405,Gratkorn Pulp & Paper Mill,AUT,pulp-and-paper,47.13162,15.336602,trace_15.336602_47.13162,owner,,,,Sappi Austria Produktions,100000001655,100,real_property_paper-mill,2022-01-01 00:00:00,2022-12-31 00:00:00,2023-11-29 22:49:35.952488,,,
18652535,Hallein Pulp Mill & Viscose Fibers,AUT,pulp-and-paper,47.675104,13.110303,trace_13.110303_47.675104,owner,AustroCel Hallein,100001011617.0,100.0,AustroCel Hallein,100001011617,100,real_property_paper-mill,2022-01-01 00:00:00,2022-12-31 00:00:00,2023-11-29 22:49:35.950365,,,
18652479,Poels Kraft Pulp and Paper Mill,AUT,pulp-and-paper,47.219082,14.585135,trace_14.585135_47.219082,owner,Zellstoff Poels,100001011653.0,100.0,Zellstoff Poels,100001011653,100,real_property_paper-mill,2022-01-01 00:00:00,2022-12-31 00:00:00,2023-11-29 22:49:35.951491,,,
18652483,Virton Pulp and Paper Mill,BEL,pulp-and-paper,49.547848,5.501653,trace_5.501653_49.547848,owner,Burgo Group,100000000606.0,,Burgo Ardennes,100001011652,100,real_property_paper-mill,2022-01-01 00:00:00,2022-12-31 00:00:00,2023-11-29 22:49:35.951448,,,
18652483,Virton Pulp and Paper Mill,BEL,pulp-and-paper,49.547848,5.501653,trace_5.501653_49.547848,owner,,,,Burgo Ardennes,100001011652,100,real_property_paper-mill,2022-01-01 00:00:00,2022-12-31 00:00:00,2023-11-29 22:49:35.951469,,,
18652679,Stambolijski Kraft Pulp & Paper Mill,BGR,pulp-and-paper,42.1340315,24.5212027,trace_24.5212027_42.1340315,owner,Mondi Stambolijski,100001011507.0,100.0,Mondi Stambolijski,100001011507,100,real_property_paper-mill,2022-01-01 00:00:00,2022-12-31 00:00:00,2023-11-29 22:49:35.946778,,,
18652676,Svistov Pulp Plant,BGR,pulp-and-paper,43.63592,25.30431,trace_25.30431_43.63592,owner,Svilosa,100001000705.0,100.0,Svilosa,100001000705,100,real_property_paper-mill,2022-01-01 00:00:00,2022-12-31 00:00:00,2023-11-29 22:49:35.946849,,,
18652638,"Maglaj Pulp, Paper & Paperboard Mill",BIH,pulp-and-paper,44.529346,18.102537,trace_18.102537_44.529346,owner,Natron - Hayat doo Maglaj,100001013106.0,100.0,Natron - Hayat doo Maglaj,100001013106,100,real_property_paper-mill,2022-01-01 00:00:00,2022-12-31 00:00:00,2023-11-29 22:49:35.947903,,,
18652432,Belo Oriente Pulp,BRA,pulp-and-paper,-19.319844,-42.395166,trace_-42.395166_-19.319844,owner,CENIBRA-Celulose Nipo-Brasileira,100001011670.0,100.0,CENIBRA-Celulose Nipo-Brasileira,100001011670,100,real_property_paper-mill,2022-01-01 00:00:00,2022-12-31 00:00:00,2023-11-29 22:49:35.951973,,,
18652468,Cacador Pulp Paperboard and Sacks,BRA,pulp-and-paper,-26.814678,-51.009853,trace_-51.009853_-26.814678,owner,Primo Tedesco,100001011657.0,100.0,Primo Tedesco,100001011657,100,real_property_paper-mill,2022-01-01 00:00:00,2022-12-31 00:00:00,2023-11-29 22:49:35.95158,,,
18652455,Camacari Pulp,BRA,pulp-and-paper,-12.641473,-38.336363,trace_-38.336363_-12.641473,owner,Bracell Bahia Specialty Cellulose,100001011663.0,100.0,Bracell Bahia Specialty Cellulose,100001011663,100,real_property_paper-mill,2022-01-01 00:00:00,2022-12-31 00:00:00,2023-11-29 22:49:35.951794,,,
18652473,Fraiburgo Pulp and Paper,BRA,pulp-and-paper,-27.021056,-50.922002,trace_-50.922002_-27.021056,owner,Trombini Industrial,100001011655.0,100.0,Trombini Industrial,100001011655,100,real_property_paper-mill,2022-01-01 00:00:00,2022-12-31 00:00:00,2023-11-29 22:49:35.951536,,,
18652533,Imperatriz Pulp and Paper,BRA,pulp-and-paper,-5.4179947,-47.5699425,trace_-47.5699425_-5.4179947,owner,Suzano,100001000044.0,100.0,Suzano,100001000044,100,real_property_paper-mill,2022-01-01 00:00:00,2022-12-31 00:00:00,2023-11-29 22:49:35.950416,,,{5089}
18652466,Lencois Paulista Pulp,BRA,pulp-and-paper,-22.543012,-48.808722,trace_-48.808722_-22.543012,owner,Royal Golden Eagle,100001000056.0,100.0,Bracell SP Celulose,100001000055,100,real_property_paper-mill,2022-01-01 00:00:00,2022-12-31 00:00:00,2023-11-29 22:49:35.951632,,,"{5144,5145}"
18652475,"Luis Antonio Pulp, Paper and Boxboard",BRA,pulp-and-paper,-21.572796,-47.916762,trace_-47.916762_-21.572796,owner,International Paper Do Brasil,100001011654.0,100.0,International Paper Do Brasil,100001011654,100,real_property_paper-mill,2022-01-01 00:00:00,2022-12-31 00:00:00,2023-11-29 22:49:35.951514,,,
18652463,"Pirai do Sul Plywood, Pulp, Paper and Bags",BRA,pulp-and-paper,-24.547045,-49.923138,trace_-49.923138_-24.547045,owner,Grupo Imaribo,100001011659.0,100.0,Grupo Imaribo,100001011659,100,real_property_paper-mill,2022-01-01 00:00:00,2022-12-31 00:00:00,2023-11-29 22:49:35.951676,,,
18652470,Tres Barras Pulp and Paper,BRA,pulp-and-paper,-26.120623,-50.318561,trace_-50.318561_-26.120623,owner,WestRock Brasil,100001011656.0,100.0,WestRock Brasil,100001011656,100,real_property_paper-mill,2022-01-01 00:00:00,2022-12-31 00:00:00,2023-11-29 22:49:35.951558,,,
18652537,Tres Lagoas (Eldorado) Pulp,BRA,pulp-and-paper,-20.599415,-51.61052,trace_-51.61052_-20.599415,owner,Eldorado Brasil Celulose,100001011615.0,100.0,Eldorado Brasil Celulose,100001011615,100,real_property_paper-mill,2022-01-01 00:00:00,2022-12-31 00:00:00,2023-11-29 22:49:35.950294,,,
18652509,Alma Groundwood Pulp and Newsprint Paper,CAN,pulp-and-paper,48.563204,-71.654222,trace_-71.654222_48.563204,owner,Resolute Forest Products,100001011637.0,100.0,Resolute Forest Products,100001011637,100,real_property_paper-mill,2022-01-01 00:00:00,2022-12-31 00:00:00,2023-11-29 22:49:35.951016,,,
18652512,Atholville Pulp Mill,CAN,pulp-and-paper,47.992096,-66.723129,trace_-66.723129_47.992096,owner,A V Cell,100001011634.0,100.0,A V Cell,100001011634,100,real_property_paper-mill,2022-01-01 00:00:00,2022-12-31 00:00:00,2023-11-29 22:49:35.950949,,,
18652413,Boyle Kraft Pulp Mill,CAN,pulp-and-paper,54.923509,-112.864144,trace_-112.864144_54.923509,owner,Alberta-Pacific Forest Industries,100001011682.0,100.0,Alberta-Pacific Forest Industries,100001011682,100,real_property_paper-mill,2022-01-01 00:00:00,2022-12-31 00:00:00,2023-11-29 22:49:35.952321,,,
18652360,Cabano Fiber Pulp & Containerboard Mill,CAN,pulp-and-paper,47.668314,-68.863312,trace_-68.863312_47.668314,owner,Cascades Grundstuck,100000000108.0,,Cascades Containerboard Packaging,100001011700,100,real_property_paper-mill,2022-01-01 00:00:00,2022-12-31 00:00:00,2023-11-29 22:49:35.952829,,,
18652360,Cabano Fiber Pulp & Containerboard Mill,CAN,pulp-and-paper,47.668314,-68.863312,trace_-68.863312_47.668314,owner,,,,Cascades Containerboard Packaging,100001011700,100,real_property_paper-mill,2022-01-01 00:00:00,2022-12-31 00:00:00,2023-11-29 22:49:35.952851,,,
18652516,Castlegar Pulp Mill,CAN,pulp-and-paper,49.336817,-117.733473,trace_-117.733473_49.336817,owner,Celgar Pulp,100001011630.0,100.0,Celgar Pulp,100001011630,100,real_property_paper-mill,2022-01-01 00:00:00,2022-12-31 00:00:00,2023-11-29 22:49:35.950862,,,
18652500,Corner Brook Pulp & Paper Mill,CAN,pulp-and-paper,48.9555025,-57.948563,trace_-57.948563_48.9555025,owner,Corner Brook Pulp & Paper,100001011644.0,100.0,Corner Brook Pulp & Paper,100001011644,100,real_property_paper-mill,2022-01-01 00:00:00,2022-12-31 00:00:00,2023-11-29 22:49:35.951197,,,
18652361,Crabtree Deinked Pulp & Tissue,CAN,pulp-and-paper,45.963964,-73.47009,trace_-73.47009_45.963964,owner,Kruger Products,100001011699.0,100.0,Kruger Products,100001011699,100,real_property_paper-mill,2022-01-01 00:00:00,2022-12-31 00:00:00,2023-11-29 22:49:35.952806,,,
18652414,Edmundston Pulp Mill,CAN,pulp-and-paper,47.368645,-68.332031,trace_-68.332031_47.368645,owner,Twin Rivers Paper,100001011681.0,100.0,Twin Rivers Paper,100001011681,100,real_property_paper-mill,2022-01-01 00:00:00,2022-12-31 00:00:00,2023-11-29 22:49:35.952298,,,
18652409,Gatineau Pulp and Paper,CAN,pulp-and-paper,45.541462,-75.424205,trace_-75.424205_45.541462,owner,Papier Masson,100001011683.0,100.0,Papier Masson,100001011683,100,real_property_paper-mill,2022-01-01 00:00:00,2022-12-31 00:00:00,2023-11-29 22:49:35.952343,,,
18652497,Hinton Kraft Pulp Mill,CAN,pulp-and-paper,53.41375,-117.570026,trace_-117.570026_53.41375,owner,West Fraser Timber,100001011645.0,100.0,West Fraser Timber,100001011645,100,real_property_paper-mill,2022-01-01 00:00:00,2022-12-31 00:00:00,2023-11-29 22:49:35.951219,,,
18652515,Kamloops Kraft Pulp Mill,CAN,pulp-and-paper,50.690633,-120.407285,trace_-120.407285_50.690633,owner,Domtar,100001011631.0,100.0,Domtar,100001011631,100,real_property_paper-mill,2022-01-01 00:00:00,2022-12-31 00:00:00,2023-11-29 22:49:35.950884,,,
18652362,La Tuque Pulp & Paper Mill,CAN,pulp-and-paper,47.446996,-72.790112,trace_-72.790112_47.446996,owner,WestRock Company of Canada,100001011698.0,100.0,WestRock Company of Canada,100001011698,100,real_property_paper-mill,2022-01-01 00:00:00,2022-12-31 00:00:00,2023-11-29 22:49:35.952784,,,
18652513,Nackawic Kraft Pulp Mill,CAN,pulp-and-paper,46.012467,-67.225725,trace_-67.225725_46.012467,owner,AV Nackawic,100001011633.0,100.0,AV Nackawic,100001011633,100,real_property_paper-mill,2022-01-01 00:00:00,2022-12-31 00:00:00,2023-11-29 22:49:35.950928,,,
18652511,Nanaimo Kraft Market Pulp Mill,CAN,pulp-and-paper,49.138067,-123.856798,trace_-123.856798_49.138067,owner,Harmac Pacific,100001011635.0,100.0,Harmac Pacific,100001011635,100,real_property_paper-mill,2022-01-01 00:00:00,2022-12-31 00:00:00,2023-11-29 22:49:35.950971,,,
18652368,Northwood Kraft Pulp Mill,CAN,pulp-and-paper,53.978431,-122.695589,trace_-122.695589_53.978431,owner,Canfor,100001011695.0,100.0,Canfor,100001011695,100,real_property_paper-mill,2022-01-01 00:00:00,2022-12-31 00:00:00,2023-11-29 22:49:35.952699,,,
18652364,Peace River Kraft Pulp Mill,CAN,pulp-and-paper,56.371727,-117.185546,trace_-117.185546_56.371727,owner,Daishowa Marubeni International,100001011697.0,100.0,Daishowa Marubeni International,100001011697,100,real_property_paper-mill,2022-01-01 00:00:00,2022-12-31 00:00:00,2023-11-29 22:49:35.952753,,,
18652517,Port Alberni TMP Pulp and Paper Mill,CAN,pulp-and-paper,49.247409,-124.810848,trace_-124.810848_49.247409,owner,Catalyst Paper,100001000644.0,100.0,Catalyst Paper,100001000644,100,real_property_paper-mill,2022-01-01 00:00:00,2022-12-31 00:00:00,2023-11-29 22:49:35.95084,,,
18652506,Port Mellon Pulp Mill,CAN,pulp-and-paper,49.521827,-123.490298,trace_-123.490298_49.521827,owner,Howe Sound Pulp & Paper,100001011640.0,100.0,Howe Sound Pulp & Paper,100001011640,100,real_property_paper-mill,2022-01-01 00:00:00,2022-12-31 00:00:00,2023-11-29 22:49:35.951084,,,
18652425,Prince George (PG) Pulp and Paper Mill,CAN,pulp-and-paper,53.923335,-122.695717,trace_-122.695717_53.923335,owner,Canfor Pulp Mills,100001011676.0,100.0,Canfor Pulp Mills,100001011676,100,real_property_paper-mill,2022-01-01 00:00:00,2022-12-31 00:00:00,2023-11-29 22:49:35.952118,,,
18652514,Quesnel BCTMP Pulp Mill,CAN,pulp-and-paper,53.0089257,-122.5014913,trace_-122.5014913_53.0089257,owner,Quesnel River Pulp,100001011632.0,100.0,Quesnel River Pulp,100001011632,100,real_property_paper-mill,2022-01-01 00:00:00,2022-12-31 00:00:00,2023-11-29 22:49:35.950906,,,
18652503,Quesnel Market Pulp Mill,CAN,pulp-and-paper,52.998749,-122.484719,trace_-122.484719_52.998749,owner,Cariboo Pulp & Paper,100001011641.0,100.0,Cariboo Pulp & Paper,100001011641,100,real_property_paper-mill,2022-01-01 00:00:00,2022-12-31 00:00:00,2023-11-29 22:49:35.951106,,,
18652358,Riviere-du-Loup Newsprint,CAN,pulp-and-paper,47.818233,-69.519464,trace_-69.519464_47.818233,owner,Societe en Commandite FF Soucy WB,100001011701.0,100.0,Societe en Commandite FF Soucy WB,100001011701,100,real_property_paper-mill,2022-01-01 00:00:00,2022-12-31 00:00:00,2023-11-29 22:49:35.952896,,,
18652431,Saint George (Lake Utopia) Pulp & Paper Mill,CAN,pulp-and-paper,45.157407,-66.770893,trace_-66.770893_45.157407,owner,Lake Utopia Paper,100001011671.0,100.0,Lake Utopia Paper,100001011671,100,real_property_paper-mill,2022-01-01 00:00:00,2022-12-31 00:00:00,2023-11-29 22:49:35.952005,,,
18652408,Saint John Kraft Pulp Mill,CAN,pulp-and-paper,45.259134,-66.094398,trace_-66.094398_45.259134,owner,Irving Paper,100001011684.0,100.0,Irving Paper,100001011684,100,real_property_paper-mill,2022-01-01 00:00:00,2022-12-31 00:00:00,2023-11-29 22:49:35.952365,,,
18652678,Sainte-Helene-De-Breakeyville De-Inked Fibers,CAN,pulp-and-paper,46.665895,-71.233335,trace_-71.233335_46.665895,owner,Rolland Enterprises,100001011508.0,100.0,Rolland Enterprises,100001011508,100,real_property_paper-mill,2022-01-01 00:00:00,2022-12-31 00:00:00,2023-11-29 22:49:35.946802,,,
18652501,Scarborough Pulp and Paper Mill,CAN,pulp-and-paper,43.772483,-79.273858,trace_-79.273858_43.772483,owner,Atlantic Packaging Holdings Ltd,100001023434.0,,Atlantic Packaging Products,100001011643,100,real_property_paper-mill,2022-01-01 00:00:00,2022-12-31 00:00:00,2023-11-29 22:49:35.95115,,,
18652501,Scarborough Pulp and Paper Mill,CAN,pulp-and-paper,43.772483,-79.273858,trace_-79.273858_43.772483,owner,,,,Atlantic Packaging Products,100001011643,100,real_property_paper-mill,2022-01-01 00:00:00,2022-12-31 00:00:00,2023-11-29 22:49:35.951172,,,
18652415,Sherbrooke (Brompton) Newsprint & Specialty Paper,CAN,pulp-and-paper,45.482454,-71.950898,trace_-71.950898_45.482454,owner,Kruger Publication Papers,100001011680.0,100.0,Kruger Publication Papers,100001011680,100,real_property_paper-mill,2022-01-01 00:00:00,2022-12-31 00:00:00,2023-11-29 22:49:35.952276,,,
18652507,Skookumchuck Softwood Bleach Kraft Pulp Mill,CAN,pulp-and-paper,49.916096,-115.765049,trace_-115.765049_49.916096,owner,Paper Excellence Canada Holdings,100001011639.0,100.0,Paper Excellence Canada Holdings,100001011639,100,real_property_paper-mill,2022-01-01 00:00:00,2022-12-31 00:00:00,2023-11-29 22:49:35.951061,,,
18652367,Slave Lake Bleached Chemi-Thermo-Mechanical Pulp Mill,CAN,pulp-and-paper,55.250389,-114.519,trace_-114.519_55.250389,owner,Slave Lake Pulp,100001011696.0,100.0,Slave Lake Pulp,100001011696,100,real_property_paper-mill,2022-01-01 00:00:00,2022-12-31 00:00:00,2023-11-29 22:49:35.95273,,,
18652510,Taylor Pulp Mill,CAN,pulp-and-paper,56.144848,-120.652225,trace_-120.652225_56.144848,owner,Canadian Forest Products,100001011636.0,100.0,Canadian Forest Products,100001011636,100,real_property_paper-mill,2022-01-01 00:00:00,2022-12-31 00:00:00,2023-11-29 22:49:35.950994,,,
18652359,Temiscaming Pulp,CAN,pulp-and-paper,46.71203,-79.096329,trace_-79.096329_46.71203,owner,Rayonier Advanced Materials,100000132455.0,100.0,Rayonier Advanced Materials,100000132455,100,real_property_paper-mill,2022-01-01 00:00:00,2022-12-31 00:00:00,2023-11-29 22:49:35.952874,,,
18652371,Terrace Bay Pulp Mill,CAN,pulp-and-paper,48.797177,-87.105015,trace_-87.105015_48.797177,owner,AV Terrace Bay,100001011693.0,100.0,AV Terrace Bay,100001011693,100,real_property_paper-mill,2022-01-01 00:00:00,2022-12-31 00:00:00,2023-11-29 22:49:35.952654,,,
18652508,The Pas Kraft Pulp and Paper Mill,CAN,pulp-and-paper,53.861707,-101.213398,trace_-101.213398_53.861707,owner,Canadian Kraft Paper Industries,100001011638.0,100.0,Canadian Kraft Paper Industries,100001011638,100,real_property_paper-mill,2022-01-01 00:00:00,2022-12-31 00:00:00,2023-11-29 22:49:35.951039,,,
18652407,Trois-Rivieres Pulp & Paper,CAN,pulp-and-paper,46.358895,-72.519968,trace_-72.519968_46.358895,owner,Kruger Inc,100001026044.0,,Kruger Wayagamack,100001011685,100,real_property_paper-mill,2022-01-01 00:00:00,2022-12-31 00:00:00,2023-11-29 22:49:35.952387,,,
18652407,Trois-Rivieres Pulp & Paper,CAN,pulp-and-paper,46.358895,-72.519968,trace_-72.519968_46.358895,owner,,,,Kruger Wayagamack,100001011685,100,real_property_paper-mill,2022-01-01 00:00:00,2022-12-31 00:00:00,2023-11-29 22:49:35.952409,,,
18652427,Whitecourt Newsprint Paper Mill,CAN,pulp-and-paper,54.179765,-115.804589,trace_-115.804589_54.179765,owner,Alberta Newsprint,100001011675.0,100.0,Alberta Newsprint,100001011675,100,real_property_paper-mill,2022-01-01 00:00:00,2022-12-31 00:00:00,2023-11-29 22:49:35.952095,,,
18652502,Whitecourt Pulp Mill,CAN,pulp-and-paper,54.142985,-115.692418,trace_-115.692418_54.142985,owner,Millar Western Forest Products,100001011642.0,100.0,Millar Western Forest Products,100001011642,100,real_property_paper-mill,2022-01-01 00:00:00,2022-12-31 00:00:00,2023-11-29 22:49:35.951128,,,
18652459,Perlen Mechanical Pulp & Newsprint Mill,CHE,pulp-and-paper,47.1167,8.3667,trace_8.3667_47.1167,owner,Perlen Papier,100001011662.0,100.0,Perlen Papier,100001011662,100,real_property_paper-mill,2022-01-01 00:00:00,2022-12-31 00:00:00,2023-11-29 22:49:35.951742,,,
18652520,Iloca (Licancel) Pulp Mill,CHL,pulp-and-paper,-34.987075,-72.020531,trace_-72.020531_-34.987075,owner,Empresas Copec Sa,100001027538.0,,Celulosa Arauco y Constitución,100001000113,100,real_property_paper-mill,2022-01-01 00:00:00,2022-12-31 00:00:00,2023-11-29 22:49:35.950774,,,
18652520,Iloca (Licancel) Pulp Mill,CHL,pulp-and-paper,-34.987075,-72.020531,trace_-72.020531_-34.987075,owner,,,,Celulosa Arauco y Constitución,100001000113,100,real_property_paper-mill,2022-01-01 00:00:00,2022-12-31 00:00:00,2023-11-29 22:49:35.950795,,,
18652465,Laja Pulp and Paper,CHL,pulp-and-paper,-37.290408,-72.711535,trace_-72.711535_-37.290408,owner,Empresas CMPC,100001000111.0,100.0,Empresas CMPC,100001000111,100,real_property_paper-mill,2022-01-01 00:00:00,2022-12-31 00:00:00,2023-11-29 22:49:35.951654,,,
18652657,Dongguan Pulp & Paper Mill,CHN,pulp-and-paper,23.030355,113.537016,trace_113.537016_23.030355,owner,Nine Dragons Paper Dongguan,100001011525.0,100.0,Nine Dragons Paper Dongguan,100001011525,100,real_property_paper-mill,2022-01-01 00:00:00,2022-12-31 00:00:00,2023-11-29 22:49:35.947357,,,
18652616,Huanggang Pulp Mill,CHN,pulp-and-paper,30.42416508,114.97779786,trace_114.97779786_30.42416508,owner,Huanggang Chenming Pulp and Paper,100001011560.0,100.0,Huanggang Chenming Pulp and Paper,100001011560,100,real_property_paper-mill,2022-01-01 00:00:00,2022-12-31 00:00:00,2023-11-29 22:49:35.948456,,,
18652671,Jiaozuo Pulp Mill,CHN,pulp-and-paper,35.074682,113.426286,trace_113.426286_35.074682,owner,Jiaozuo Ruifeng Paper,100001011513.0,100.0,Jiaozuo Ruifeng Paper,100001011513,100,real_property_paper-mill,2022-01-01 00:00:00,2022-12-31 00:00:00,2023-11-29 22:49:35.947021,,,
18652577,Jiaxing Pulp & Paperboard,CHN,pulp-and-paper,30.699584076,120.95514893,trace_120.95514893_30.699584076,owner,Zhejiang Jingxing Paper Joint Stock,100001011591.0,100.0,Zhejiang Jingxing Paper Joint Stock,100001011591,100,real_property_paper-mill,2022-01-01 00:00:00,2022-12-31 00:00:00,2023-11-29 22:49:35.949343,,,
18652570,Jilin Pulp & Paper Mill,CHN,pulp-and-paper,44.03925,126.512446,trace_126.512446_44.03925,owner,Jilin Chenming Paper Industry,100001011598.0,100.0,Jilin Chenming Paper Industry,100001011598,100,real_property_paper-mill,2022-01-01 00:00:00,2022-12-31 00:00:00,2023-11-29 22:49:35.949514,,,
18652682,Laibin Pulp & Paper Mill,CHN,pulp-and-paper,23.715797,109.411035,trace_109.411035_23.715797,owner,Guangxi Nongken Group TianchengHuacheng Paper,100001011505.0,100.0,Guangxi Nongken Group TianchengHuacheng Paper,100001011505,100,real_property_paper-mill,2022-01-01 00:00:00,2022-12-31 00:00:00,2023-11-29 22:49:35.946706,,,
18652628,Linyi Pulp & Paper Mill,CHN,pulp-and-paper,35.379765,117.956666,trace_117.956666_35.379765,owner,Shandong Guanghua Paper Group,100001011549.0,100.0,Shandong Guanghua Paper Group,100001011549,100,real_property_paper-mill,2022-01-01 00:00:00,2022-12-31 00:00:00,2023-11-29 22:49:35.948169,,,
18652686,Liuzhou Pulp & Paper Mill,CHN,pulp-and-paper,24.4278033,109.53035,trace_109.53035_24.4278033,owner,Liuzhou Liangmianzhen Paper,100001011501.0,100.0,Liuzhou Liangmianzhen Paper,100001011501,100,real_property_paper-mill,2022-01-01 00:00:00,2022-12-31 00:00:00,2023-11-29 22:49:35.946599,,,
18652665,Mashan Pulp & Tissue,CHN,pulp-and-paper,23.847112154,108.13820242,trace_108.13820242_23.847112154,owner,Guangxi Hefaqiang Paper,100001011519.0,100.0,Guangxi Hefaqiang Paper,100001011519,100,real_property_paper-mill,2022-01-01 00:00:00,2022-12-31 00:00:00,2023-11-29 22:49:35.947166,,,
18652684,Muchuan Pulp Mill,CHN,pulp-and-paper,28.972677,103.906504,trace_103.906504_28.972677,owner,Sichuan Yongfeng Pulp & Paper Holdings,100001011503.0,100.0,Sichuan Yongfeng Pulp & Paper Holdings,100001011503,100,real_property_paper-mill,2022-01-01 00:00:00,2022-12-31 00:00:00,2023-11-29 22:49:35.946658,,,
18652674,Nantong Pulp & Paper Mill,CHN,pulp-and-paper,31.82740686,120.95844635,trace_120.95844635_31.82740686,owner,Nantong Economic and Technological Development ZONE,100000124039.0,10.0,Jiangsu OJI Paper,100000122356,100,real_property_paper-mill,2022-01-01 00:00:00,2022-12-31 00:00:00,2023-11-29 22:49:35.946913,,,{6119}
18652674,Nantong Pulp & Paper Mill,CHN,pulp-and-paper,31.82740686,120.95844635,trace_120.95844635_31.82740686,owner,Oji Paper,100000125987.0,90.0,Jiangsu OJI Paper,100000122356,100,real_property_paper-mill,2022-01-01 00:00:00,2022-12-31 00:00:00,2023-11-29 22:49:35.946948,,,{6119}
18652668,Nanyang Pulp & Paper Mill,CHN,pulp-and-paper,33.073859259,111.85807228,trace_111.85807228_33.073859259,owner,Henan Xianhe Special Pulp & Paper,100001011516.0,100.0,Henan Xianhe Special Pulp & Paper,100001011516,100,real_property_paper-mill,2022-01-01 00:00:00,2022-12-31 00:00:00,2023-11-29 22:49:35.947095,,,
18652685,Panjin Pulp & Paper Mill,CHN,pulp-and-paper,41.18543265,121.7084324,trace_121.7084324_41.18543265,owner,Liaoning Zhenxing Eco Paper,100001011502.0,100.0,Liaoning Zhenxing Eco Paper,100001011502,100,real_property_paper-mill,2022-01-01 00:00:00,2022-12-31 00:00:00,2023-11-29 22:49:35.946634,,,
18652572,Pinghu Kraft Linerboard,CHN,pulp-and-paper,30.766130691,121.00323,trace_121.00323_30.766130691,owner,Zhejiang Rongsheng Environmental Protection Paper Holdings,100001011596.0,100.0,Zhejiang Rongsheng Environmental Protection Paper Holdings,100001011596,100,real_property_paper-mill,2022-01-01 00:00:00,2022-12-31 00:00:00,2023-11-29 22:49:35.949466,,,
18652672,Puyang Pulp & Printing Paper,CHN,pulp-and-paper,35.7665799,114.964142,trace_114.964142_35.7665799,owner,Puyang Longfeng Paper,100001011512.0,100.0,Puyang Longfeng Paper,100001011512,100,real_property_paper-mill,2022-01-01 00:00:00,2022-12-31 00:00:00,2023-11-29 22:49:35.946997,,,
18652677,Qianjiang Pulp Mill,CHN,pulp-and-paper,30.39126228,112.72912405,trace_112.72912405_30.39126228,owner,Qianjiang Leshui Forest & Paper,100001011509.0,100.0,Qianjiang Leshui Forest & Paper,100001011509,100,real_property_paper-mill,2022-01-01 00:00:00,2022-12-31 00:00:00,2023-11-29 22:49:35.946826,,,
18652625,Sanming Pulp & Paper Mill,CHN,pulp-and-paper,26.56254,117.9854285,trace_117.9854285_26.56254,owner,Fujian Qingshan Paper Industry,100001011551.0,100.0,Fujian Qingshan Paper Industry,100001011551,100,real_property_paper-mill,2022-01-01 00:00:00,2022-12-31 00:00:00,2023-11-29 22:49:35.948239,,,
18652670,Sanming Pulp Mill,CHN,pulp-and-paper,26.750889413,117.47146904,trace_117.47146904_26.750889413,owner,Fujian Tengrongda Pulp-making,100001011514.0,100.0,Fujian Tengrongda Pulp-making,100001011514,100,real_property_paper-mill,2022-01-01 00:00:00,2022-12-31 00:00:00,2023-11-29 22:49:35.947048,,,
18652576,Tangshan Pulp & Kraft Paper and Corrugated Medium,CHN,pulp-and-paper,39.79420621,117.814677,trace_117.814677_39.79420621,owner,Yutian County Shunfa Industry,100001011592.0,100.0,Yutian County Shunfa Industry,100001011592,100,real_property_paper-mill,2022-01-01 00:00:00,2022-12-31 00:00:00,2023-11-29 22:49:35.949368,,,
18652634,Xiaogan Pulp & Corrugated Medium,CHN,pulp-and-paper,30.82828815,113.99215215,trace_113.99215215_30.82828815,owner,Golden Phoenix Paper Xiaogan,100001011545.0,100.0,Golden Phoenix Paper Xiaogan,100001011545,100,real_property_paper-mill,2022-01-01 00:00:00,2022-12-31 00:00:00,2023-11-29 22:49:35.947997,,,
18652683,Xuyong Pulp Mill,CHN,pulp-and-paper,28.423187,105.342056,trace_105.342056_28.423187,owner,Luzhou Yongfeng Pulp & Paper Comapny,100001011504.0,100.0,Luzhou Yongfeng Pulp & Paper Comapny,100001011504,100,real_property_paper-mill,2022-01-01 00:00:00,2022-12-31 00:00:00,2023-11-29 22:49:35.946682,,,
18652649,Yanzhou Pulp & Paper Mill,CHN,pulp-and-paper,35.532619,116.802255,trace_116.802255_35.532619,owner,Shandong Sun Paper Industry Joint Stock,100001011533.0,100.0,Shandong Sun Paper Industry Joint Stock,100001011533,100,real_property_paper-mill,2022-01-01 00:00:00,2022-12-31 00:00:00,2023-11-29 22:49:35.947582,,,
18652573,Zaozhuang Pulp & Paperboard,CHN,pulp-and-paper,34.797770264,117.21371412,trace_117.21371412_34.797770264,owner,Universal Pulp and Paper Shandong,100001011595.0,100.0,Universal Pulp and Paper Shandong,100001011595,100,real_property_paper-mill,2022-01-01 00:00:00,2022-12-31 00:00:00,2023-11-29 22:49:35.949441,,,
18652531,Paskov Pulp Mill,CZE,pulp-and-paper,49.71437,18.29244,trace_18.29244_49.71437,owner,Lenzing Aktiengesellschaft,100001020265.0,,Lenzing Biocel Paskov as,100001011620,100,real_property_paper-mill,2022-01-01 00:00:00,2022-12-31 00:00:00,2023-11-29 22:49:35.950461,,,
18652531,Paskov Pulp Mill,CZE,pulp-and-paper,49.71437,18.29244,trace_18.29244_49.71437,owner,,,,Lenzing Biocel Paskov as,100001011620,100,real_property_paper-mill,2022-01-01 00:00:00,2022-12-31 00:00:00,2023-11-29 22:49:35.950483,,,
18652423,Steti Pulp and Paper Mill Complex,CZE,pulp-and-paper,50.463299,14.373812,trace_14.373812_50.463299,owner,Mondi,100000001114.0,,Mondi Štětí,100000120867,100,real_property_paper-mill,2022-01-01 00:00:00,2022-12-31 00:00:00,2023-11-29 22:49:35.952163,,,
18652423,Steti Pulp and Paper Mill Complex,CZE,pulp-and-paper,50.463299,14.373812,trace_14.373812_50.463299,owner,,,,Mondi Štětí,100000120867,100,real_property_paper-mill,2022-01-01 00:00:00,2022-12-31 00:00:00,2023-11-29 22:49:35.952186,,,
18652536,Alfeld Kraft Pulp and Paper Mill,DEU,pulp-and-paper,51.987118,9.819078,trace_9.819078_51.987118,owner,Sappi,100000001654.0,,Sappi Alfeld,100001011616,100,real_property_paper-mill,2022-01-01 00:00:00,2022-12-31 00:00:00,2023-11-29 22:49:35.95032,,,
18652536,Alfeld Kraft Pulp and Paper Mill,DEU,pulp-and-paper,51.987118,9.819078,trace_9.819078_51.987118,owner,,,,Sappi Alfeld,100001011616,100,real_property_paper-mill,2022-01-01 00:00:00,2022-12-31 00:00:00,2023-11-29 22:49:35.950342,,,
18652527,Ehingen Sulfite Pulp and Paper Mill,DEU,pulp-and-paper,48.26545,9.72689,trace_9.72689_48.26545,owner,Sappi,100000001654.0,,Sappi Ehingen,100001011623,100,real_property_paper-mill,2022-01-01 00:00:00,2022-12-31 00:00:00,2023-11-29 22:49:35.950563,,,
18652527,Ehingen Sulfite Pulp and Paper Mill,DEU,pulp-and-paper,48.26545,9.72689,trace_9.72689_48.26545,owner,,,,Sappi Ehingen,100001011623,100,real_property_paper-mill,2022-01-01 00:00:00,2022-12-31 00:00:00,2023-11-29 22:49:35.950585,,,
18652633,Stockstadt Sulfite Pulp & Paper Mill,DEU,pulp-and-paper,49.97624,9.0697,trace_9.0697_49.97624,owner,Sappi,100000001654.0,,Sappi Stockstadt,100001011546,100,real_property_paper-mill,2022-01-01 00:00:00,2022-12-31 00:00:00,2023-11-29 22:49:35.948021,,,
18652633,Stockstadt Sulfite Pulp & Paper Mill,DEU,pulp-and-paper,49.97624,9.0697,trace_9.0697_49.97624,owner,,,,Sappi Stockstadt,100001011546,100,real_property_paper-mill,2022-01-01 00:00:00,2022-12-31 00:00:00,2023-11-29 22:49:35.948044,,,
18652659,Qina Paper Mill,EGY,pulp-and-paper,25.912199,32.753268,trace_32.753268_25.912199,owner,Quena Paper Industry,100001011524.0,100.0,Quena Paper Industry,100001011524,100,real_property_paper-mill,2022-01-01 00:00:00,2022-12-31 00:00:00,2023-11-29 22:49:35.94731,,,
18652518,Fonelas Pulp Mill,ESP,pulp-and-paper,37.375232,-3.176947,trace_-3.176947_37.375232,owner,Cotton South,100001011629.0,100.0,Cotton South,100001011629,100,real_property_paper-mill,2022-01-01 00:00:00,2022-12-31 00:00:00,2023-11-29 22:49:35.950817,,,
18652524,Hernani Pulp and Paper Mill,ESP,pulp-and-paper,43.259053,-1.966882,trace_-1.966882_43.259053,owner,Iberpapel,100000000976.0,100.0,Papelera Guipuzcoana de Zicuñaga,100000003783,100,real_property_paper-mill,2022-01-01 00:00:00,2022-12-31 00:00:00,2023-11-29 22:49:35.950661,,,"{2353,2354,2355}"
18652534,Huesca Pulp & Paper Mill,ESP,pulp-and-paper,42.066674,0.205268,trace_0.205268_42.066674,owner,Northwood Dicepa,100001011618.0,100.0,Northwood Dicepa,100001011618,100,real_property_paper-mill,2022-01-01 00:00:00,2022-12-31 00:00:00,2023-11-29 22:49:35.950387,,,
18652562,Leitza Pulp & Paper Mill,ESP,pulp-and-paper,43.082538,-1.920837,trace_-1.920837_43.082538,owner,Lecta,100000000691.0,100.0,Lecta,100000000691,100,real_property_paper-mill,2022-01-01 00:00:00,2022-12-31 00:00:00,2023-11-29 22:49:35.949715,,,
18652542,Pontevedra Eucalyptus Kraft Pulp Mill,ESP,pulp-and-paper,42.41355,-8.670858,trace_-8.670858_42.41355,owner,Grupo Ence,100001011613.0,100.0,Grupo Ence,100001011613,100,real_property_paper-mill,2022-01-01 00:00:00,2022-12-31 00:00:00,2023-11-29 22:49:35.950228,,,
18652522,Tortosa Pulp Mill,ESP,pulp-and-paper,40.779761,0.532858,trace_0.532858_40.779761,owner,Miquel Y Costas & Miquel Sa,100001030893.0,,Celulosa de Levante,100001011627,100,real_property_paper-mill,2022-01-01 00:00:00,2022-12-31 00:00:00,2023-11-29 22:49:35.950707,,,
18652522,Tortosa Pulp Mill,ESP,pulp-and-paper,40.779761,0.532858,trace_0.532858_40.779761,owner,,,,Celulosa de Levante,100001011627,100,real_property_paper-mill,2022-01-01 00:00:00,2022-12-31 00:00:00,2023-11-29 22:49:35.950729,,,
18652561,Zaragoza Pulp and Paper Mill,ESP,pulp-and-paper,41.693448,-0.825733,trace_-0.825733_41.693448,owner,Lecta,100000000691.0,100.0,Torraspapel,100000004234,100,real_property_paper-mill,2022-01-01 00:00:00,2022-12-31 00:00:00,2023-11-29 22:49:35.949747,,,{4864}
18652435,Kehra Pulp & Paper Mill,EST,pulp-and-paper,59.338895,25.341237,trace_25.341237_59.338895,owner,Horizon Pulp & Paper,100001011668.0,100.0,Horizon Pulp & Paper,100001011668,100,real_property_paper-mill,2022-01-01 00:00:00,2022-12-31 00:00:00,2023-11-29 22:49:35.951929,,,
18652530,Kunda Pulp Mill,EST,pulp-and-paper,59.5017471,26.5474853,trace_26.5474853_59.5017471,owner,Estonian Cell AS,100001011621.0,100.0,Estonian Cell AS,100001011621,100,real_property_paper-mill,2022-01-01 00:00:00,2022-12-31 00:00:00,2023-11-29 22:49:35.950516,,,
18652635,Aanekoski Bioproduct Pulp Mill,FIN,pulp-and-paper,62.596,25.741,trace_25.741_62.596,owner,Metsa Group,100001011544.0,100.0,Metsa Group,100001011544,100,real_property_paper-mill,2022-01-01 00:00:00,2022-12-31 00:00:00,2023-11-29 22:49:35.947973,,,
18652553,Enocell Pulp Mill,FIN,pulp-and-paper,62.919186,30.230598,trace_30.230598_62.919186,owner,Stora Enso,100000000369.0,100.0,Stora Enso,100000000369,100,real_property_paper-mill,2022-01-01 00:00:00,2022-12-31 00:00:00,2023-11-29 22:49:35.950027,,,
18652646,Kaskinen Pulp Mill,FIN,pulp-and-paper,62.22108,21.144193,trace_21.144193_62.22108,owner,Metsä Board,100001000054.0,100.0,Metsä Board,100001000054,100,real_property_paper-mill,2022-01-01 00:00:00,2022-12-31 00:00:00,2023-11-29 22:49:35.947664,,,"{5194,5195}"
18652640,Pankakoski Pulp and Cartonboard Mill,FIN,pulp-and-paper,63.192955,30.82435,trace_30.82435_63.192955,owner,Pankaboard,100001011541.0,100.0,Pankaboard,100001011541,100,real_property_paper-mill,2022-01-01 00:00:00,2022-12-31 00:00:00,2023-11-29 22:49:35.947856,,,
18652551,Pietarsaari Pulp Mill,FIN,pulp-and-paper,63.701563,22.706674,trace_22.706674_63.701563,owner,UPM-Kymmene,100000000372.0,100.0,UPM-Kymmene,100000000372,100,real_property_paper-mill,2022-01-01 00:00:00,2022-12-31 00:00:00,2023-11-29 22:49:35.950049,,,
18652554,Rauma Pulp Mill,FIN,pulp-and-paper,61.111671,21.466299,trace_21.466299_61.111671,owner,ITOCHU,100000001237.0,25.0,Metsä Fibre,100001000052,100,real_property_paper-mill,2022-01-01 00:00:00,2022-12-31 00:00:00,2023-11-29 22:49:35.949972,,,{5092}
18652554,Rauma Pulp Mill,FIN,pulp-and-paper,61.111671,21.466299,trace_21.466299_61.111671,owner,Metsäliitto,100001000053.0,50.1,Metsä Fibre,100001000052,100,real_property_paper-mill,2022-01-01 00:00:00,2022-12-31 00:00:00,2023-11-29 22:49:35.949942,,,{5092}
18652554,Rauma Pulp Mill,FIN,pulp-and-paper,61.111671,21.466299,trace_21.466299_61.111671,owner,Metsä Board,100001000054.0,24.9,Metsä Fibre,100001000052,100,real_property_paper-mill,2022-01-01 00:00:00,2022-12-31 00:00:00,2023-11-29 22:49:35.950004,,,"{5092,5194,5195}"
18652654,Facture Biganos Pulp and Paper Mill,FRA,pulp-and-paper,44.629661,-0.975188,trace_-0.975188_44.629661,owner,,,,Smurfit Kappa Cellulose du Pin,100001011528,100,real_property_paper-mill,2022-01-01 00:00:00,2022-12-31 00:00:00,2023-11-29 22:49:35.947442,,,
18652422,Golbey Pulp and Paper Mill,FRA,pulp-and-paper,48.210464,6.425649,trace_6.425649_48.210464,owner,Norske Skogindustrier Asa,100000000770.0,,Norske Skog Golbey,100001011678,100,real_property_paper-mill,2022-01-01 00:00:00,2022-12-31 00:00:00,2023-11-29 22:49:35.952209,,,
18652422,Golbey Pulp and Paper Mill,FRA,pulp-and-paper,48.210464,6.425649,trace_6.425649_48.210464,owner,,,,Norske Skog Golbey,100001011678,100,real_property_paper-mill,2022-01-01 00:00:00,2022-12-31 00:00:00,2023-11-29 22:49:35.95223,,,
18652541,"Mimizan Pulp and Paper Mill, Paper Bags",FRA,pulp-and-paper,44.207946,-1.249265,trace_-1.249265_44.207946,owner,Gascogne,100001031605.0,,Gascogne Papier,100001011614,100,real_property_paper-mill,2022-01-01 00:00:00,2022-12-31 00:00:00,2023-11-29 22:49:35.95025,,,
18652541,"Mimizan Pulp and Paper Mill, Paper Bags",FRA,pulp-and-paper,44.207946,-1.249265,trace_-1.249265_44.207946,owner,,,,Gascogne Papier,100001011614,100,real_property_paper-mill,2022-01-01 00:00:00,2022-12-31 00:00:00,2023-11-29 22:49:35.950271,,,
18652549,Saillat-sur-Vienne Pulp and Paper Mill,FRA,pulp-and-paper,45.876393,0.817428,trace_0.817428_45.876393,owner,International Paper,100000001241.0,100.0,International Paper,100000001241,100,real_property_paper-mill,2022-01-01 00:00:00,2022-12-31 00:00:00,2023-11-29 22:49:35.950095,,,
18652652,Saint Gaudens Pulp Mill,FRA,pulp-and-paper,43.096501,0.726795,trace_0.726795_43.096501,owner,Fibre Excellence Saint Gaudens,100001011530.0,100.0,Fibre Excellence Saint Gaudens,100001011530,100,real_property_paper-mill,2022-01-01 00:00:00,2022-12-31 00:00:00,2023-11-29 22:49:35.947512,,,
18652653,Tarascon Pulp Mill,FRA,pulp-and-paper,43.780612,4.652488,trace_4.652488_43.780612,owner,Fibre Excellence Sas,100001031576.0,,Fibre Excellence Tarascon,100001011529,100,real_property_paper-mill,2022-01-01 00:00:00,2022-12-31 00:00:00,2023-11-29 22:49:35.947465,,,
18652653,Tarascon Pulp Mill,FRA,pulp-and-paper,43.780612,4.652488,trace_4.652488_43.780612,owner,,,,Fibre Excellence Tarascon,100001011529,100,real_property_paper-mill,2022-01-01 00:00:00,2022-12-31 00:00:00,2023-11-29 22:49:35.947488,,,
18652695,Bandung Paper Mill,IDN,pulp-and-paper,-6.975293,107.688678,trace_107.688678_-6.975293,owner,Kertas Trimitra Mandiri,100001011495.0,100.0,Kertas Trimitra Mandiri,100001011495,100,real_property_paper-mill,2022-01-01 00:00:00,2022-12-31 00:00:00,2023-11-29 22:49:35.946404,,,
18652693,Bekasi Paper Mill,IDN,pulp-and-paper,-6.196096,107.039565,trace_107.039565_-6.196096,owner,Pabrik Kertas Noree Indonesia,100001011497.0,100.0,Pabrik Kertas Noree Indonesia,100001011497,100,real_property_paper-mill,2022-01-01 00:00:00,2022-12-31 00:00:00,2023-11-29 22:49:35.946453,,,
18652694,Bogor Paper Mill,IDN,pulp-and-paper,-6.431321,106.95409,trace_106.95409_-6.431321,owner,Aspex Kumbong,100001011496.0,100.0,Aspex Kumbong,100001011496,100,real_property_paper-mill,2022-01-01 00:00:00,2022-12-31 00:00:00,2023-11-29 22:49:35.946428,,,
18652696,Kediri Paper Mill,IDN,pulp-and-paper,-7.754412,112.0284,trace_112.0284_-7.754412,owner,Surya Zig Zag,100001011494.0,100.0,Surya Zig Zag,100001011494,100,real_property_paper-mill,2022-01-01 00:00:00,2022-12-31 00:00:00,2023-11-29 22:49:35.946378,,,
18652666,Muaraenim Paper Mill,IDN,pulp-and-paper,-3.430869,104.031596,trace_104.031596_-3.430869,owner,Tanjungenim Lestari Pulp & Paper,100001011518.0,100.0,Tanjungenim Lestari Pulp & Paper,100001011518,100,real_property_paper-mill,2022-01-01 00:00:00,2022-12-31 00:00:00,2023-11-29 22:49:35.947143,,,
18652581,Palembang Paper Mill (OKI),IDN,pulp-and-paper,-2.74822,105.278409,trace_105.278409_-2.74822,owner,OKI Pulp and Paper Mill,100001011588.0,100.0,OKI Pulp and Paper Mill,100001011588,100,real_property_paper-mill,2022-01-01 00:00:00,2022-12-31 00:00:00,2023-11-29 22:49:35.949246,,,
18652692,Pasuruan Paper Mill,IDN,pulp-and-paper,-7.581323,112.739088,trace_112.739088_-7.581323,owner,Buana Megah Paper Mills,100001011498.0,100.0,Buana Megah Paper Mills,100001011498,100,real_property_paper-mill,2022-01-01 00:00:00,2022-12-31 00:00:00,2023-11-29 22:49:35.946478,,,
18652420,Pelalawan Paper Mill (Kerinci),IDN,pulp-and-paper,0.440343,101.889588,trace_101.889588_0.440343,owner,Riau Andalan Pulp & Paper,100001011679.0,100.0,Riau Andalan Pulp & Paper,100001011679,100,real_property_paper-mill,2022-01-01 00:00:00,2022-12-31 00:00:00,2023-11-29 22:49:35.952253,,,
18652433,Perawang Pulp and Paper Mill,IDN,pulp-and-paper,0.684316,101.622426,trace_101.622426_0.684316,owner,Indah Kiat Pulp and Paper,100001011669.0,100.0,Indah Kiat Pulp and Paper,100001011669,100,real_property_paper-mill,2022-01-01 00:00:00,2022-12-31 00:00:00,2023-11-29 22:49:35.951951,,,
18652699,Porsea Pulp Mill,IDN,pulp-and-paper,2.461995,99.184137,trace_99.184137_2.461995,owner,Toba Pulp Lestari,100001011491.0,100.0,Toba Pulp Lestari,100001011491,100,real_property_paper-mill,2022-01-01 00:00:00,2022-12-31 00:00:00,2023-11-29 22:49:35.946265,,,
18652697,Subang Paper Mill,IDN,pulp-and-paper,-6.504724,107.563706,trace_107.563706_-6.504724,owner,Papertech Indonesia,100001011493.0,100.0,Papertech Indonesia,100001011493,100,real_property_paper-mill,2022-01-01 00:00:00,2022-12-31 00:00:00,2023-11-29 22:49:35.946353,,,
18652607,Banah Paper Mill,IND,pulp-and-paper,32.136932,75.445534,trace_75.445534_32.136932,owner,Shreyans Industries,100001011567.0,100.0,Shreyans Industries,100001011567,100,real_property_paper-mill,2022-01-01 00:00:00,2022-12-31 00:00:00,2023-11-29 22:49:35.948699,,,
18652632,Barddhaman Paper Mill,IND,pulp-and-paper,23.31096,87.886945,trace_87.886945_23.31096,owner,Debnath Kagaj Udyog,100001011547.0,100.0,Debnath Kagaj Udyog,100001011547,100,real_property_paper-mill,2022-01-01 00:00:00,2022-12-31 00:00:00,2023-11-29 22:49:35.948067,,,
18652604,Bareilly Paper Mill,IND,pulp-and-paper,28.28925,79.503191,trace_79.503191_28.28925,owner,Rama Shyma Papers,100001011570.0,100.0,Rama Shyma Papers,100001011570,100,real_property_paper-mill,2022-01-01 00:00:00,2022-12-31 00:00:00,2023-11-29 22:49:35.948771,,,
18652587,Barnala Paper Mill,IND,pulp-and-paper,30.299064,75.491188,trace_75.491188_30.299064,owner,Trident Group,100001011583.0,100.0,Trident Group,100001011583,100,real_property_paper-mill,2022-01-01 00:00:00,2022-12-31 00:00:00,2023-11-29 22:49:35.949125,,,
18652592,Chandrapur Paper Mill,IND,pulp-and-paper,19.86226,79.341829,trace_79.341829_19.86226,owner,Avantha Group,100000120104.0,,Ballarpur Industries,100000120130,100,real_property_paper-mill,2022-01-01 00:00:00,2022-12-31 00:00:00,2023-11-29 22:49:35.949002,,,
18652564,Dandeli Paper Mill,IND,pulp-and-paper,15.251828,74.627772,trace_74.627772_15.251828,owner,The West Coast Paper Mills,100001011602.0,100.0,The West Coast Paper Mills,100001011602,100,real_property_paper-mill,2022-01-01 00:00:00,2022-12-31 00:00:00,2023-11-29 22:49:35.949659,,,
18652598,Erode Paper Mill,IND,pulp-and-paper,11.347466,77.7584,trace_77.7584_11.347466,owner,Seshasayee Paper and Boards,100001011574.0,100.0,Seshasayee Paper and Boards,100001011574,100,real_property_paper-mill,2022-01-01 00:00:00,2022-12-31 00:00:00,2023-11-29 22:49:35.948867,,,
18652609,Faizabad Paper Mill,IND,pulp-and-paper,26.739061,82.227741,trace_82.227741_26.739061,owner,Yash Pakka,100001011565.0,100.0,Yash Pakka,100001011565,100,real_property_paper-mill,2022-01-01 00:00:00,2022-12-31 00:00:00,2023-11-29 22:49:35.948651,,,
18652621,Haveri Pulp Mill (Polyfiber),IND,pulp-and-paper,14.52941,75.786553,trace_75.786553_14.52941,owner,Harihar Polyfibers,100001011555.0,100.0,Harihar Polyfibers,100001011555,100,real_property_paper-mill,2022-01-01 00:00:00,2022-12-31 00:00:00,2023-11-29 22:49:35.948333,,,
18652590,Hoshiarpur Paper Mill,IND,pulp-and-paper,31.307195,76.078215,trace_76.078215_31.307195,owner,Kuantum Papers,100001011580.0,100.0,Kuantum Papers,100001011580,100,real_property_paper-mill,2022-01-01 00:00:00,2022-12-31 00:00:00,2023-11-29 22:49:35.94905,,,
18652563,Kagathipuram Paper Mill (Unit 1),IND,pulp-and-paper,11.055597,77.994511,trace_77.994511_11.055597,owner,Tamil Nadu Newsprint and Paper,100001011603.0,100.0,Tamil Nadu Newsprint and Paper,100001011603,100,real_property_paper-mill,2022-01-01 00:00:00,2022-12-31 00:00:00,2023-11-29 22:49:35.949691,,,
18652588,Kalyan Paper Mill,IND,pulp-and-paper,19.274152,73.17836,trace_73.17836_19.274152,owner,Nirvikara Paper Mills,100001011582.0,100.0,Nirvikara Paper Mills,100001011582,100,real_property_paper-mill,2022-01-01 00:00:00,2022-12-31 00:00:00,2023-11-29 22:49:35.949099,,,
18652582,Kashipur Naini Paper Mill,IND,pulp-and-paper,29.198831,78.895125,trace_78.895125_29.198831,owner,Naini Papers,100001011587.0,100.0,Naini Papers,100001011587,100,real_property_paper-mill,2022-01-01 00:00:00,2022-12-31 00:00:00,2023-11-29 22:49:35.949221,,,
18652605,Kashipur Naini Tissues Mill,IND,pulp-and-paper,29.199742,78.895764,trace_78.895764_29.199742,owner,Naini Tissues,100001011569.0,100.0,Naini Tissues,100001011569,100,real_property_paper-mill,2022-01-01 00:00:00,2022-12-31 00:00:00,2023-11-29 22:49:35.948747,,,
18652601,Kashipur Paper Mill,IND,pulp-and-paper,29.196422,78.898532,trace_78.898532_29.196422,owner,Siddheshwari Paper Udyog,100001011573.0,100.0,Siddheshwari Paper Udyog,100001011573,100,real_property_paper-mill,2022-01-01 00:00:00,2022-12-31 00:00:00,2023-11-29 22:49:35.948843,,,
18652602,Kashipur Paper Mill (Unit 2 Board Mill),IND,pulp-and-paper,29.196315,78.897777,trace_78.897777_29.196315,owner,Sidharth Papers,100001011572.0,100.0,Sidharth Papers,100001011572,100,real_property_paper-mill,2022-01-01 00:00:00,2022-12-31 00:00:00,2023-11-29 22:49:35.948819,,,
18652610,Khammam Paper Mill (Bhadrachalam),IND,pulp-and-paper,17.698514,80.862552,trace_80.862552_17.698514,owner,ITC Limited Paperboard And Specialty Paper Division,100001011564.0,100.0,ITC Limited Paperboard And Specialty Paper Division,100001011564,100,real_property_paper-mill,2022-01-01 00:00:00,2022-12-31 00:00:00,2023-11-29 22:49:35.948628,,,
18652596,Khatema Paper Mill,IND,pulp-and-paper,28.918159,79.983275,trace_79.983275_28.918159,owner,Khatema Fibres,100001011576.0,100.0,Khatema Fibres,100001011576,100,real_property_paper-mill,2022-01-01 00:00:00,2022-12-31 00:00:00,2023-11-29 22:49:35.948926,,,
18652597,Meerut Paper Mill (Kraft Paper),IND,pulp-and-paper,29.036952,77.782921,trace_77.782921_29.036952,owner,Dev Priya Product,100001011575.0,100.0,Dev Priya Product,100001011575,100,real_property_paper-mill,2022-01-01 00:00:00,2022-12-31 00:00:00,2023-11-29 22:49:35.948891,,,
18652620,Muktsar Paper Mill,IND,pulp-and-paper,30.420734,74.518928,trace_74.518928_30.420734,owner,Satia Industries,100001011556.0,100.0,Satia Industries,100001011556,100,real_property_paper-mill,2022-01-01 00:00:00,2022-12-31 00:00:00,2023-11-29 22:49:35.948356,,,
18652622,Mumbai Paper Mill,IND,pulp-and-paper,19.879472,75.380437,trace_75.380437_19.879472,owner,Jolly,100001011554.0,100.0,Jolly,100001011554,100,real_property_paper-mill,2022-01-01 00:00:00,2022-12-31 00:00:00,2023-11-29 22:49:35.948309,,,
18652603,Muzaffarnagar Paper Mill,IND,pulp-and-paper,29.467431,77.787792,trace_77.787792_29.467431,owner,Shri Bhageshwari Papers,100001011571.0,100.0,Shri Bhageshwari Papers,100001011571,100,real_property_paper-mill,2022-01-01 00:00:00,2022-12-31 00:00:00,2023-11-29 22:49:35.948795,,,
18652624,Muzaffarnagar Paper Mill,IND,pulp-and-paper,29.471273,77.793814,trace_77.793814_29.471273,owner,Tehri Pulp & Paper,100001011552.0,100.0,Tehri Pulp & Paper,100001011552,100,real_property_paper-mill,2022-01-01 00:00:00,2022-12-31 00:00:00,2023-11-29 22:49:35.948263,,,
18652589,Muzaffarnagar Paper Mill (Bindals),IND,pulp-and-paper,29.471355,77.785459,trace_77.785459_29.471355,owner,Bindals Papers Mills,100001011581.0,100.0,Bindals Papers Mills,100001011581,100,real_property_paper-mill,2022-01-01 00:00:00,2022-12-31 00:00:00,2023-11-29 22:49:35.949075,,,
18652583,Rajahmundry Paper Mill (Unit 1),IND,pulp-and-paper,17.026616,81.773456,trace_81.773456_17.026616,owner,International Paper APPM,100001011586.0,100.0,International Paper APPM,100001011586,100,real_property_paper-mill,2022-01-01 00:00:00,2022-12-31 00:00:00,2023-11-29 22:49:35.949197,,,
18652623,Rangareddy Pulp Mill (Vikarabad),IND,pulp-and-paper,17.324218,77.933382,trace_77.933382_17.324218,owner,Vikarabad Pulp and Paper Mills,100001011553.0,100.0,Vikarabad Pulp and Paper Mills,100001011553,100,real_property_paper-mill,2022-01-01 00:00:00,2022-12-31 00:00:00,2023-11-29 22:49:35.948286,,,
18652608,Saharanpur Paper Mill,IND,pulp-and-paper,29.939161,77.569468,trace_77.569468_29.939161,owner,Star Paper Mills,100001011566.0,100.0,Star Paper Mills,100001011566,100,real_property_paper-mill,2022-01-01 00:00:00,2022-12-31 00:00:00,2023-11-29 22:49:35.948675,,,
18652593,Shahdol Paper Mill,IND,pulp-and-paper,23.195094,81.592799,trace_81.592799_23.195094,owner,Orient Paper & Industries,100001011578.0,100.0,Orient Paper & Industries,100001011578,100,real_property_paper-mill,2022-01-01 00:00:00,2022-12-31 00:00:00,2023-11-29 22:49:35.948977,,,
18652639,Shahjahanpur Paper Mill (Unit 2),IND,pulp-and-paper,27.84036,79.853712,trace_79.853712_27.84036,owner,K R Pulp And Papers,100001011542.0,100.0,K R Pulp And Papers,100001011542,100,real_property_paper-mill,2022-01-01 00:00:00,2022-12-31 00:00:00,2023-11-29 22:49:35.94788,,,
18652594,Sirmaur Paper Mill,IND,pulp-and-paper,30.509727,77.206238,trace_77.206238_30.509727,owner,Ruchira Papers,100001011577.0,100.0,Ruchira Papers,100001011577,100,real_property_paper-mill,2022-01-01 00:00:00,2022-12-31 00:00:00,2023-11-29 22:49:35.94895,,,
18652586,Songadh Paper Mill,IND,pulp-and-paper,21.207953,73.573209,trace_73.573209_21.207953,owner,J K Paper,100001011584.0,100.0,J K Paper,100001011584,100,real_property_paper-mill,2022-01-01 00:00:00,2022-12-31 00:00:00,2023-11-29 22:49:35.949149,,,
18652591,Surendranagar Paper Mill,IND,pulp-and-paper,23.019579,71.281155,trace_71.281155_23.019579,owner,Astron Paper and Board Mill,100001011579.0,100.0,Astron Paper and Board Mill,100001011579,100,real_property_paper-mill,2022-01-01 00:00:00,2022-12-31 00:00:00,2023-11-29 22:49:35.949026,,,
18652626,Surendranagar Paper Mill,IND,pulp-and-paper,22.702577,71.588918,trace_71.588918_22.702577,owner,Shree Gopinath Paper Mills,100001011550.0,100.0,Shree Gopinath Paper Mills,100001011550,100,real_property_paper-mill,2022-01-01 00:00:00,2022-12-31 00:00:00,2023-11-29 22:49:35.948216,,,
18652619,Valsad N R Agarwal Paper Mill (Unit 5),IND,pulp-and-paper,20.411957,72.90814,trace_72.90814_20.411957,owner,N R Agarwal Industries,100001011557.0,100.0,N R Agarwal Industries,100001011557,100,real_property_paper-mill,2022-01-01 00:00:00,2022-12-31 00:00:00,2023-11-29 22:49:35.948379,,,
18652618,Vapi Paper Mill,IND,pulp-and-paper,20.353089,72.935229,trace_72.935229_20.353089,owner,Super Deluxe Paper Mills,100001011558.0,100.0,Super Deluxe Paper Mills,100001011558,100,real_property_paper-mill,2022-01-01 00:00:00,2022-12-31 00:00:00,2023-11-29 22:49:35.948403,,,
18652584,West Godavari Paper Mill,IND,pulp-and-paper,16.579639,81.575756,trace_81.575756_16.579639,owner,Delta Paper Mills,100001011585.0,100.0,Delta Paper Mills,100001011585,100,real_property_paper-mill,2022-01-01 00:00:00,2022-12-31 00:00:00,2023-11-29 22:49:35.949173,,,
18652617,West Godavari Strawboard Mill,IND,pulp-and-paper,16.7324,81.662289,trace_81.662289_16.7324,owner,Jayanti Boards,100001011559.0,100.0,Jayanti Boards,100001011559,100,real_property_paper-mill,2022-01-01 00:00:00,2022-12-31 00:00:00,2023-11-29 22:49:35.948432,,,
18652669,Bandar-e Anzali Chouka Pulp & Paper Mill,IRN,pulp-and-paper,37.54262,49.107431,trace_49.107431_37.54262,owner,Iran Paper & Wood Industries,100001011515.0,100.0,Iran Paper & Wood Industries,100001011515,100,real_property_paper-mill,2022-01-01 00:00:00,2022-12-31 00:00:00,2023-11-29 22:49:35.947072,,,
18652667,Sari Mazandaran Paper Mill,IRN,pulp-and-paper,36.460666,53.098797,trace_53.098797_36.460666,owner,Mazandaran Wood & Paper Industries,100001011517.0,100.0,Mazandaran Wood & Paper Industries,100001011517,100,real_property_paper-mill,2022-01-01 00:00:00,2022-12-31 00:00:00,2023-11-29 22:49:35.947119,,,
18652689,Tolmezzo Pulp and Paper Mill,ITA,pulp-and-paper,46.394267,13.018465,trace_13.018465_46.394267,owner,Burgo Group,100000000606.0,100.0,Burgo Group,100000000606,100,real_property_paper-mill,2022-01-01 00:00:00,2022-12-31 00:00:00,2023-11-29 22:49:35.94655,,,
18652661,Nairobi Paper Mill,KEN,pulp-and-paper,-1.246164,36.867345,trace_36.867345_-1.246164,owner,East African Paper Mills,100001013104.0,100.0,East African Paper Mills,100001013104,100,real_property_paper-mill,2022-01-01 00:00:00,2022-12-31 00:00:00,2023-11-29 22:49:35.947263,,,
18652688,Pathein Thabaung Newsprint Paper Mill,MMR,pulp-and-paper,17.039464,94.763704,trace_94.763704_17.039464,owner,Myanma Paper and Chemical Industries,100001011500.0,100.0,Myanma Paper and Chemical Industries,100001011500,100,real_property_paper-mill,2022-01-01 00:00:00,2022-12-31 00:00:00,2023-11-29 22:49:35.946575,,,
18652690,Gelang Patah Molded Pulp Manufacturing Plant,MYS,pulp-and-paper,1.444589,103.603848,trace_103.603848_1.444589,owner,Eri Pulp Molding,100001013102.0,100.0,Eri Pulp Molding,100001013102,100,real_property_paper-mill,2022-01-01 00:00:00,2022-12-31 00:00:00,2023-11-29 22:49:35.946526,,,
18652691,Sipitang Pulp and Paper Mill,MYS,pulp-and-paper,5.032166,115.528471,trace_115.528471_5.032166,owner,Sabah Forest Industries,100001011499.0,100.0,Sabah Forest Industries,100001011499,100,real_property_paper-mill,2022-01-01 00:00:00,2022-12-31 00:00:00,2023-11-29 22:49:35.946502,,,
18652559,Folla Pulp Mill (CTMP and BCTMP),NOR,pulp-and-paper,63.985197,11.103224,trace_11.103224_63.985197,owner,MMK FollaCell AS,100001011605.0,100.0,MMK FollaCell AS,100001011605,100,real_property_paper-mill,2022-01-01 00:00:00,2022-12-31 00:00:00,2023-11-29 22:49:35.949796,,,
18652615,Kawerau Kraft Pulp Mill (Tasman),NZL,pulp-and-paper,-38.0746134,176.7169667,trace_176.7169667_-38.0746134,owner,Oji Fibre Solutions,100001011561.0,100.0,Oji Fibre Solutions,100001011561,100,real_property_paper-mill,2022-01-01 00:00:00,2022-12-31 00:00:00,2023-11-29 22:49:35.94848,,,
18652523,Kawerau Paper Mill,NZL,pulp-and-paper,-38.073923,176.720031,trace_176.720031_-38.073923,owner,Norske Skog Tasman,100001011626.0,100.0,Norske Skog Tasman,100001011626,100,real_property_paper-mill,2022-01-01 00:00:00,2022-12-31 00:00:00,2023-11-29 22:49:35.950685,,,
18652528,Napier Pulp Mill,NZL,pulp-and-paper,-39.377383,176.890528,trace_176.890528_-39.377383,owner,Pan Pac Forest Products,100001011622.0,100.0,Pan Pac Forest Products,100001011622,100,real_property_paper-mill,2022-01-01 00:00:00,2022-12-31 00:00:00,2023-11-29 22:49:35.950541,,,
18652430,Ohakune Pulp Mill (Karioi),NZL,pulp-and-paper,-39.464062,175.567806,trace_175.567806_-39.464062,owner,Winstone Pulp International,100001011672.0,100.0,Winstone Pulp International,100001011672,100,real_property_paper-mill,2022-01-01 00:00:00,2022-12-31 00:00:00,2023-11-29 22:49:35.952028,,,
18652525,Trujillo Huachipa Pulp and Paperboard,PER,pulp-and-paper,-7.957511,-79.249115,trace_-79.249115_-7.957511,owner,Trupal,100001011625.0,100.0,Trupal,100001011625,100,real_property_paper-mill,2022-01-01 00:00:00,2022-12-31 00:00:00,2023-11-29 22:49:35.95063,,,
18652580,Albuera Pulp & Paper Mill,PHL,pulp-and-paper,10.86242,124.726413,trace_124.726413_10.86242,owner,Pulp Specialties Philippines,100001013112.0,100.0,Pulp Specialties Philippines,100001013112,100,real_property_paper-mill,2022-01-01 00:00:00,2022-12-31 00:00:00,2023-11-29 22:49:35.94927,,,
18652680,Malinao Pulp Mill,PHL,pulp-and-paper,13.393694,123.712297,trace_123.712297_13.393694,owner,Albay Agro Industrial,100001013103.0,100.0,Albay Agro Industrial,100001013103,100,real_property_paper-mill,2022-01-01 00:00:00,2022-12-31 00:00:00,2023-11-29 22:49:35.946754,,,
18652452,Caima Dissolving Pulp Mill,PRT,pulp-and-paper,39.471564,-8.333286,trace_-8.333286_39.471564,owner,Companhia Celulose do Caima,100001011664.0,100.0,Companhia Celulose do Caima,100001011664,100,real_property_paper-mill,2022-01-01 00:00:00,2022-12-31 00:00:00,2023-11-29 22:49:35.951816,,,
18652556,Figueira da Foz BEKP Pulp and Paper Mill,PRT,pulp-and-paper,40.059689,-8.853132,trace_-8.853132_40.059689,owner,Sodim Sgps Sa,100001024282.0,,The Navigator,100000001713,100,real_property_paper-mill,2022-01-01 00:00:00,2022-12-31 00:00:00,2023-11-29 22:49:35.949855,,,{2785}
18652556,Figueira da Foz BEKP Pulp and Paper Mill,PRT,pulp-and-paper,40.059689,-8.853132,trace_-8.853132_40.059689,owner,,,,The Navigator,100000001713,100,real_property_paper-mill,2022-01-01 00:00:00,2022-12-31 00:00:00,2023-11-29 22:49:35.949886,,,{2785}
18652451,Leirosa Bleached Eucalyptus Pulp Mill,PRT,pulp-and-paper,40.050547,-8.875138,trace_-8.875138_40.050547,owner,Altri Sgps Sa,100001015574.0,,Celulose Beira Industrial,100001011665,100,real_property_paper-mill,2022-01-01 00:00:00,2022-12-31 00:00:00,2023-11-29 22:49:35.951841,,,
18652451,Leirosa Bleached Eucalyptus Pulp Mill,PRT,pulp-and-paper,40.050547,-8.875138,trace_-8.875138_40.050547,owner,,,,Celulose Beira Industrial,100001011665,100,real_property_paper-mill,2022-01-01 00:00:00,2022-12-31 00:00:00,2023-11-29 22:49:35.951862,,,
18652457,Viana do Castelo Kraft Paper Mill,PRT,pulp-and-paper,41.699688,-8.710464,trace_-8.710464_41.699688,owner,DS Smith,100000001103.0,100.0,DS Smith Viana,100000001440,100,real_property_paper-mill,2022-01-01 00:00:00,2022-12-31 00:00:00,2023-11-29 22:49:35.95177,,,{721}
18652555,Vila Velha do Rodao Pulp Mill (BEKP),PRT,pulp-and-paper,39.661565,-7.670552,trace_-7.670552_39.661565,owner,Celtejo,100001011607.0,100.0,Celtejo,100001011607,100,real_property_paper-mill,2022-01-01 00:00:00,2022-12-31 00:00:00,2023-11-29 22:49:35.949912,,,
18652578,Balakhna Volga TMP Pulp and Paper Mill,RUS,pulp-and-paper,56.5317198,43.5631105,trace_43.5631105_56.5317198,owner,Volga OAO,100001011590.0,100.0,Volga OAO,100001011590,100,real_property_paper-mill,2022-01-01 00:00:00,2022-12-31 00:00:00,2023-11-29 22:49:35.949319,,,
18652647,Kondopoga Pulp and Paper Mill,RUS,pulp-and-paper,62.192083,34.27327,trace_34.27327_62.192083,owner,Kondopoga OAO,100001011535.0,100.0,Kondopoga OAO,100001011535,100,real_property_paper-mill,2022-01-01 00:00:00,2022-12-31 00:00:00,2023-11-29 22:49:35.94763,,,
18652567,Koryazhma (Kotlasskiy) Pulp and Paper Mill,RUS,pulp-and-paper,61.307257,47.105338,trace_47.105338_61.307257,owner,Ilim Group,100000000858.0,100.0,Ilim Group,100000000858,100,real_property_paper-mill,2022-01-01 00:00:00,2022-12-31 00:00:00,2023-11-29 22:49:35.949611,,,
18652650,Maykop Mechanical Pulp and Paperboard Mill,RUS,pulp-and-paper,44.5870192,40.1205489,trace_40.1205489_44.5870192,owner,SFT Group,100001011532.0,100.0,SFT Group,100001011532,100,real_property_paper-mill,2022-01-01 00:00:00,2022-12-31 00:00:00,2023-11-29 22:49:35.947559,,,
18652655,Novaya Lyalya Pulp and Paper Mill,RUS,pulp-and-paper,59.0569591,60.5851241,trace_60.5851241_59.0569591,owner,CBK-Invest OOO,100001011527.0,100.0,CBK-Invest OOO,100001011527,100,real_property_paper-mill,2022-01-01 00:00:00,2022-12-31 00:00:00,2023-11-29 22:49:35.947419,,,
18652571,"Novodvinsk (Arkhangelsk) Pulp, Paper & Cardboard Mill",RUS,pulp-and-paper,64.425875,40.826867,trace_40.826867_64.425875,owner,Arkhangelsky TSBK OAO,100001011597.0,100.0,Arkhangelsky TSBK OAO,100001011597,100,real_property_paper-mill,2022-01-01 00:00:00,2022-12-31 00:00:00,2023-11-29 22:49:35.94949,,,
18652637,Pitkyaranta Pulp Mill,RUS,pulp-and-paper,61.565093,31.457069,trace_31.457069_61.565093,owner,RK Grand OOO,100001011543.0,100.0,RK Grand OOO,100001011543,100,real_property_paper-mill,2022-01-01 00:00:00,2022-12-31 00:00:00,2023-11-29 22:49:35.947926,,,
18652574,Segezha Pulp and Paper Mill,RUS,pulp-and-paper,63.735,34.324,trace_34.324_63.735,owner,Segezha Pulp and Paper Mill,100001011594.0,100.0,Segezha Pulp and Paper Mill,100001011594,100,real_property_paper-mill,2022-01-01 00:00:00,2022-12-31 00:00:00,2023-11-29 22:49:35.949416,,,
18652641,Syassky Pulp and Paper Mill,RUS,pulp-and-paper,60.1329985,32.5702816,trace_32.5702816_60.1329985,owner,Syassky Pulp and Paper Mill,100001011540.0,100.0,Syassky Pulp and Paper Mill,100001011540,100,real_property_paper-mill,2022-01-01 00:00:00,2022-12-31 00:00:00,2023-11-29 22:49:35.947833,,,
18652645,Volzhsk Mariyskiy Pulp and Paper Mill,RUS,pulp-and-paper,55.857178,48.362199,trace_48.362199_55.857178,owner,Mariyskiy Pulp and Paper Mill OAO,100001011536.0,100.0,Mariyskiy Pulp and Paper Mill OAO,100001011536,100,real_property_paper-mill,2022-01-01 00:00:00,2022-12-31 00:00:00,2023-11-29 22:49:35.947689,,,
18652651,Ruzomberok Pulp and Paper Mill,SVK,pulp-and-paper,49.079866,19.331908,trace_19.331908_49.079866,owner,Mondi,100001011531.0,100.0,Mondi,100001011531,100,real_property_paper-mill,2022-01-01 00:00:00,2022-12-31 00:00:00,2023-11-29 22:49:35.947535,,,
18652673,Vranov nad Toplou Pulp Mill,SVK,pulp-and-paper,48.861513,21.733726,trace_21.733726_48.861513,owner,BUKOCEL as,100001011511.0,100.0,BUKOCEL as,100001011511,100,real_property_paper-mill,2022-01-01 00:00:00,2022-12-31 00:00:00,2023-11-29 22:49:35.946973,,,
18652644,Aspa Bruk Pulp Mill,SWE,pulp-and-paper,58.756295,14.806658,trace_14.806658_58.756295,owner,Ahlstrom-Munksjo Aspa Bruk,100001011537.0,100.0,Ahlstrom-Munksjo Aspa Bruk,100001011537,100,real_property_paper-mill,2022-01-01 00:00:00,2022-12-31 00:00:00,2023-11-29 22:49:35.947713,,,
18652569,Backhammar Pulp and Paper Mill,SWE,pulp-and-paper,59.93556,14.180789,trace_14.180789_59.93556,owner,Nordic Paper Holding Ab,100001025746.0,,Nordic Paper Backhammar,100001011599,100,real_property_paper-mill,2022-01-01 00:00:00,2022-12-31 00:00:00,2023-11-29 22:49:35.949539,,,
18652569,Backhammar Pulp and Paper Mill,SWE,pulp-and-paper,59.93556,14.180789,trace_14.180789_59.93556,owner,,,,Nordic Paper Backhammar,100001011599,100,real_property_paper-mill,2022-01-01 00:00:00,2022-12-31 00:00:00,2023-11-29 22:49:35.949562,,,
18652643,Billingsfors Pulp And Paper Mill,SWE,pulp-and-paper,58.591699,12.152598,trace_12.152598_58.591699,owner,Ahlstrom-Munksjö Ab,100001015512.0,,Ahlstrom-Munksjo Paper,100001011538,100,real_property_paper-mill,2022-01-01 00:00:00,2022-12-31 00:00:00,2023-11-29 22:49:35.94774,,,
18652643,Billingsfors Pulp And Paper Mill,SWE,pulp-and-paper,58.591699,12.152598,trace_12.152598_58.591699,owner,,,,Ahlstrom-Munksjo Paper,100001011538,100,real_property_paper-mill,2022-01-01 00:00:00,2022-12-31 00:00:00,2023-11-29 22:49:35.947763,,,
18652547,Braviken Pulp and Paper Mill,SWE,pulp-and-paper,58.640391,16.262013,trace_16.262013_58.640391,owner,Holmen Paper,100001011610.0,100.0,Holmen Paper,100001011610,100,real_property_paper-mill,2022-01-01 00:00:00,2022-12-31 00:00:00,2023-11-29 22:49:35.950139,,,
18652461,Hallsta Pulp and Paper Mill,SWE,pulp-and-paper,60.062848,18.593926,trace_18.593926_60.062848,owner,Holmen,100001011661.0,100.0,Holmen,100001011661,100,real_property_paper-mill,2022-01-01 00:00:00,2022-12-31 00:00:00,2023-11-29 22:49:35.95172,,,
18652546,Iggesund Pulp and Paperboard Mill,SWE,pulp-and-paper,61.642062,17.086429,trace_17.086429_61.642062,owner,Iggesund Paperboard,100001011611.0,100.0,Iggesund Paperboard,100001011611,100,real_property_paper-mill,2022-01-01 00:00:00,2022-12-31 00:00:00,2023-11-29 22:49:35.950161,,,
18652560,Lessebo Pulp & Paper Mill,SWE,pulp-and-paper,56.74712,15.271681,trace_15.271681_56.74712,owner,Lessebo Paper,100001011604.0,100.0,Lessebo Paper,100001011604,100,real_property_paper-mill,2022-01-01 00:00:00,2022-12-31 00:00:00,2023-11-29 22:49:35.949772,,,
18652698,Lilla Edet Pulp Mill,SWE,pulp-and-paper,58.122267,12.128246,trace_12.128246_58.122267,owner,Svenska Cellulosa Aktiebolaget Sca,100001025243.0,,SCA Wood,100001011492,100,real_property_paper-mill,2022-01-01 00:00:00,2022-12-31 00:00:00,2023-11-29 22:49:35.946295,,,
18652698,Lilla Edet Pulp Mill,SWE,pulp-and-paper,58.122267,12.128246,trace_12.128246_58.122267,owner,,,,SCA Wood,100001011492,100,real_property_paper-mill,2022-01-01 00:00:00,2022-12-31 00:00:00,2023-11-29 22:49:35.946326,,,
18652532,Monsteras Pulp Mill,SWE,pulp-and-paper,57.09144,16.546014,trace_16.546014_57.09144,owner,Sodra Cell,100001011619.0,100.0,Sodra Cell,100001011619,100,real_property_paper-mill,2022-01-01 00:00:00,2022-12-31 00:00:00,2023-11-29 22:49:35.950439,,,
18652545,Munksund Pulp and Paper Mill,SWE,pulp-and-paper,65.272521,21.505751,trace_21.505751_65.272521,owner,Svenska Cellulosa Aktiebolaget Sca,100001025243.0,,SCA Munksund,100001011612,100,real_property_paper-mill,2022-01-01 00:00:00,2022-12-31 00:00:00,2023-11-29 22:49:35.950184,,,
18652545,Munksund Pulp and Paper Mill,SWE,pulp-and-paper,65.272521,21.505751,trace_21.505751_65.272521,owner,,,,SCA Munksund,100001011612,100,real_property_paper-mill,2022-01-01 00:00:00,2022-12-31 00:00:00,2023-11-29 22:49:35.950205,,,
18652700,Nymolla Pulp and Paper Mill,SWE,pulp-and-paper,56.044078,14.478551,trace_14.478551_56.044078,owner,Stora Enso,100001011490.0,100.0,Stora Enso,100001011490,100,real_property_paper-mill,2022-01-01 00:00:00,2022-12-31 00:00:00,2023-11-29 22:49:35.946222,,,
18652565,Obbola Pulp and Paperboard Mill,SWE,pulp-and-paper,63.700039,20.32323,trace_20.32323_63.700039,owner,SCA Forest Products,100001011601.0,100.0,SCA Forest Products,100001011601,100,real_property_paper-mill,2022-01-01 00:00:00,2022-12-31 00:00:00,2023-11-29 22:49:35.949635,,,
18652557,Ornskoldsvik Pulp Mill,SWE,pulp-and-paper,63.270481,18.697806,trace_18.697806_63.270481,owner,Domsjo Fabriker,100001011606.0,100.0,Domsjo Fabriker,100001011606,100,real_property_paper-mill,2022-01-01 00:00:00,2022-12-31 00:00:00,2023-11-29 22:49:35.94982,,,
18652448,Pitea Pulp and Containerboard Mill,SWE,pulp-and-paper,65.315294,21.443812,trace_21.443812_65.315294,owner,Smurfit Kappa Sweden,100001011666.0,100.0,Smurfit Kappa Sweden,100001011666,100,real_property_paper-mill,2022-01-01 00:00:00,2022-12-31 00:00:00,2023-11-29 22:49:35.951885,,,
18652642,Saffle Pulp and Paper Mill,SWE,pulp-and-paper,59.137722,12.917341,trace_12.917341_59.137722,owner,Nordic Paper Holding Ab,100001025746.0,,Nordic Paper Seffle,100001011539,100,real_property_paper-mill,2022-01-01 00:00:00,2022-12-31 00:00:00,2023-11-29 22:49:35.947786,,,
18652642,Saffle Pulp and Paper Mill,SWE,pulp-and-paper,59.137722,12.917341,trace_12.917341_59.137722,owner,,,,Nordic Paper Seffle,100001011539,100,real_property_paper-mill,2022-01-01 00:00:00,2022-12-31 00:00:00,2023-11-29 22:49:35.947809,,,
18652447,Skarblacka Pulp and Paper Mill,SWE,pulp-and-paper,58.578389,15.899123,trace_15.899123_58.578389,owner,BillerudKorsnas,100001011667.0,100.0,BillerudKorsnas,100001011667,100,real_property_paper-mill,2022-01-01 00:00:00,2022-12-31 00:00:00,2023-11-29 22:49:35.951907,,,
18652575,Vallvik Pulp Mill,SWE,pulp-and-paper,61.186907,17.175214,trace_17.175214_61.186907,owner,Rottneros,100001011593.0,100.0,Rottneros,100001011593,100,real_property_paper-mill,2022-01-01 00:00:00,2022-12-31 00:00:00,2023-11-29 22:49:35.949392,,,
18652568,Waggeryd Pulp Mill,SWE,pulp-and-paper,57.48659,14.117808,trace_14.117808_57.48659,owner,Waggeryd Cell,100001011600.0,100.0,Waggeryd Cell,100001011600,100,real_property_paper-mill,2022-01-01 00:00:00,2022-12-31 00:00:00,2023-11-29 22:49:35.949587,,,
18652613,Ban Pong Paper Mill,THA,pulp-and-paper,13.810257,99.905386,trace_99.905386_13.810257,owner,Siam Cellulose,100001011562.0,100.0,Siam Cellulose,100001011562,100,real_property_paper-mill,2022-01-01 00:00:00,2022-12-31 00:00:00,2023-11-29 22:49:35.948531,,,
18652579,Ho Mok Pulp and Paper Mill,THA,pulp-and-paper,14.259381,100.472815,trace_100.472815_14.259381,owner,Panjapol Pulp Industry,100001011589.0,100.0,Panjapol Pulp Industry,100001011589,100,real_property_paper-mill,2022-01-01 00:00:00,2022-12-31 00:00:00,2023-11-29 22:49:35.949295,,,
18652462,Khon Kaen Paper Mill,THA,pulp-and-paper,16.424321,103.497106,trace_103.497106_16.424321,owner,Phoenix Pulp & Paper Public,100001011660.0,100.0,Phoenix Pulp & Paper Public,100001011660,100,real_property_paper-mill,2022-01-01 00:00:00,2022-12-31 00:00:00,2023-11-29 22:49:35.951698,,,
18652467,Khon Kaen Paper Mill,THA,pulp-and-paper,16.706484,102.74656,trace_102.74656_16.706484,owner,Phoenix Pulp & Paper,100001011658.0,100.0,Phoenix Pulp & Paper,100001011658,100,real_property_paper-mill,2022-01-01 00:00:00,2022-12-31 00:00:00,2023-11-29 22:49:35.951602,,,
18652675,Pak Kret Paper Mill,THA,pulp-and-paper,13.939281,100.518168,trace_100.518168_13.939281,owner,Tenma Paper Mills,100001011510.0,100.0,Tenma Paper Mills,100001011510,100,real_property_paper-mill,2022-01-01 00:00:00,2022-12-31 00:00:00,2023-11-29 22:49:35.946873,,,
18652429,Prachinburi Paper Mill,THA,pulp-and-paper,13.925732,101.584342,trace_101.584342_13.925732,owner,Advance Agro,100001011673.0,100.0,Advance Agro,100001011673,100,real_property_paper-mill,2022-01-01 00:00:00,2022-12-31 00:00:00,2023-11-29 22:49:35.95205,,,
18652681,Sing Buri Paper Mill,THA,pulp-and-paper,14.945265,100.387071,trace_100.387071_14.945265,owner,CAS Paper Mill,100001011506.0,100.0,CAS Paper Mill,100001011506,100,real_property_paper-mill,2022-01-01 00:00:00,2022-12-31 00:00:00,2023-11-29 22:49:35.94673,,,
18652606,Tha Muang Paper Mill,THA,pulp-and-paper,13.9475,99.6723,trace_99.6723_13.9475,owner,Thai Cane Paper,100001011568.0,100.0,Thai Cane Paper,100001011568,100,real_property_paper-mill,2022-01-01 00:00:00,2022-12-31 00:00:00,2023-11-29 22:49:35.948723,,,
18652656,"Caycuma Pulp, Paper and Converting Mill",TUR,pulp-and-paper,41.409983,32.099532,trace_32.099532_41.409983,owner,OYKA Kagit Ambalaj San ve Tic AS,100001011526.0,100.0,OYKA Kagit Ambalaj San ve Tic AS,100001011526,100,real_property_paper-mill,2022-01-01 00:00:00,2022-12-31 00:00:00,2023-11-29 22:49:35.947395,,,
18652648,Kastamonu Taskopru Cellulose Pulp & Cigarette Paper Mill,TUR,pulp-and-paper,41.563746,34.247549,trace_34.247549_41.563746,owner,MOPAK Kagit Karton ve Sanayi AS,100001011534.0,100.0,MOPAK Kagit Karton ve Sanayi AS,100001011534,100,real_property_paper-mill,2022-01-01 00:00:00,2022-12-31 00:00:00,2023-11-29 22:49:35.947606,,,
18652636,Cheng Loong Hsinchu Pulp and Paper Mill,TWN,pulp-and-paper,24.800477,120.94629,trace_120.94629_24.800477,owner,Cheng Loong Hsinchu Pulp and Paper Mill,100001013107.0,100.0,Cheng Loong Hsinchu Pulp and Paper Mill,100001013107,100,real_property_paper-mill,2022-01-01 00:00:00,2022-12-31 00:00:00,2023-11-29 22:49:35.94795,,,
18652630,Cheng Loong- Houli Pulp and Paper Mill,TWN,pulp-and-paper,24.285946,120.723309,trace_120.723309_24.285946,owner,Cheng Loong Houli Pulp and Paper Mill,100001013109.0,100.0,Cheng Loong Houli Pulp and Paper Mill,100001013109,100,real_property_paper-mill,2022-01-01 00:00:00,2022-12-31 00:00:00,2023-11-29 22:49:35.948115,,,
18652627,Chung Hwa Pulp Corporation Hualien Mill,TWN,pulp-and-paper,23.928604,121.582371,trace_121.582371_23.928604,owner,Chung Hwa PulpHualien Mill,100001013110.0,100.0,Chung Hwa PulpHualien Mill,100001013110,100,real_property_paper-mill,2022-01-01 00:00:00,2022-12-31 00:00:00,2023-11-29 22:49:35.948193,,,
18652631,Taoyuan Tayuan Pulp and Paper Mill,TWN,pulp-and-paper,25.069659,121.179922,trace_121.179922_25.069659,owner,Cheng Loong Tayuan Pulp and Paper Mill,100001013108.0,100.0,Cheng Loong Tayuan Pulp and Paper Mill,100001013108,100,real_property_paper-mill,2022-01-01 00:00:00,2022-12-31 00:00:00,2023-11-29 22:49:35.948091,,,
18652614,Yuen Foong Yu - Hshin Wu Pulp & Paper Mill,TWN,pulp-and-paper,24.981813,121.040425,trace_121.040425_24.981813,owner,Yuen Foong Yu Paper Packing Hshin Wu Mill,100001013111.0,100.0,Yuen Foong Yu Paper Packing Hshin Wu Mill,100001013111,100,real_property_paper-mill,2022-01-01 00:00:00,2022-12-31 00:00:00,2023-11-29 22:49:35.948507,,,
18652658,Mufindi Paper Mill,TZA,pulp-and-paper,-8.728319,35.291434,trace_35.291434_-8.728319,owner,Mufindi Paper Mills,100001013105.0,100.0,Mufindi Paper Mills,100001013105,100,real_property_paper-mill,2022-01-01 00:00:00,2022-12-31 00:00:00,2023-11-29 22:49:35.947333,,,
18652379,Augusta Pulp and Paperboard Mill,USA,pulp-and-paper,33.326555,-81.953592,trace_-81.953592_33.326555,owner,Graphic Packaging International,100001011691.0,100.0,Graphic Packaging International,100001011691,100,real_property_paper-mill,2022-01-01 00:00:00,2022-12-31 00:00:00,2023-11-29 22:49:35.952604,,,
18652392,Canton Pulp & Paperboard Mill,USA,pulp-and-paper,35.534535,-82.839899,trace_-82.839899_35.534535,owner,Evergreen Packaging Group,100001011688.0,100.0,Evergreen Packaging Group,100001011688,100,real_property_paper-mill,2022-01-01 00:00:00,2022-12-31 00:00:00,2023-11-29 22:49:35.952533,,,
18652489,Cincinnati Pulp Mill,USA,pulp-and-paper,39.193755,-84.452072,trace_-84.452072_39.193755,owner,Ohio Pulp Mills,100001011649.0,100.0,Ohio Pulp Mills,100001011649,100,real_property_paper-mill,2022-01-01 00:00:00,2022-12-31 00:00:00,2023-11-29 22:49:35.951367,,,
18652342,Cosmopolis Sulfite Market Pulp Mill,USA,pulp-and-paper,46.952037,-123.766163,trace_-123.766163_46.952037,owner,Cosmo Specialty Fibers,100001011708.0,100.0,Cosmo Specialty Fibers,100001011708,100,real_property_paper-mill,2022-01-01 00:00:00,2022-12-31 00:00:00,2023-11-29 22:49:35.95309,,,
18652493,Counce Kraft Pulp & Linerboard Mill,USA,pulp-and-paper,35.046387,-88.266289,trace_-88.266289_35.046387,owner,Packaging Corporation of America,100000132450.0,100.0,Packaging Corporation of America,100000132450,100,real_property_paper-mill,2022-01-01 00:00:00,2022-12-31 00:00:00,2023-11-29 22:49:35.95127,,,
18652333,Eau Claire Deink Pulp and Tissue Mill,USA,pulp-and-paper,44.828866,-91.509363,trace_-91.509363_44.828866,owner,Cascades Grundstuck,100000000108.0,100.0,Cascades Grundstuck,100000000108,100,real_property_paper-mill,2022-01-01 00:00:00,2022-12-31 00:00:00,2023-11-29 22:49:35.953183,,,
18652341,Fernandina Beach Pulp Mill,USA,pulp-and-paper,30.6635,-81.468983,trace_-81.468983_30.6635,owner,Rayonier,100001011709.0,100.0,Rayonier,100001011709,100,real_property_paper-mill,2022-01-01 00:00:00,2022-12-31 00:00:00,2023-11-29 22:49:35.953112,,,
18652492,Franklin Rag Cotton Pulp Manufacturing,USA,pulp-and-paper,39.553925,-84.306598,trace_-84.306598_39.553925,owner,Cheney Pulp & Paper,100001011647.0,100.0,Cheney Pulp & Paper,100001011647,100,real_property_paper-mill,2022-01-01 00:00:00,2022-12-31 00:00:00,2023-11-29 22:49:35.951292,,,
18652335,Halsey Pulp Mill,USA,pulp-and-paper,44.382131,-123.159745,trace_-123.159745_44.382131,owner,Cascade Pacific Pulp,100001011711.0,100.0,Cascade Pacific Pulp,100001011711,100,real_property_paper-mill,2022-01-01 00:00:00,2022-12-31 00:00:00,2023-11-29 22:49:35.953157,,,
18652344,Kaukauna (Thilmany) Pulp and Paper Mill,USA,pulp-and-paper,44.280521,-88.255286,trace_-88.255286_44.280521,owner,Ahlstrom-Munksjo Group,100001011707.0,100.0,Ahlstrom-Munksjo Group,100001011707,100,real_property_paper-mill,2022-01-01 00:00:00,2022-12-31 00:00:00,2023-11-29 22:49:35.953068,,,
18652349,Longview Pulp & Paper Mill,USA,pulp-and-paper,46.129349,-122.982365,trace_-122.982365_46.129349,owner,Nippon Dynawave Packaging,100001011704.0,100.0,Nippon Dynawave Packaging,100001011704,100,real_property_paper-mill,2022-01-01 00:00:00,2022-12-31 00:00:00,2023-11-29 22:49:35.953,,,
18652381,Macon Kraft Pulp and Coated Board Mill,USA,pulp-and-paper,32.771583,-83.629349,trace_-83.629349_32.771583,owner,Graphic Packaging International,100001011690.0,100.0,Graphic Packaging International,100001011690,100,real_property_paper-mill,2022-01-01 00:00:00,2022-12-31 00:00:00,2023-11-29 22:49:35.952578,,,
18652352,Menominee Pulp Mill,USA,pulp-and-paper,45.100782,-87.610703,trace_-87.610703_45.100782,owner,Fibrek,100001011702.0,100.0,Fibrek,100001011702,100,real_property_paper-mill,2022-01-01 00:00:00,2022-12-31 00:00:00,2023-11-29 22:49:35.952948,,,
18652324,Middletown Tissue Mill,USA,pulp-and-paper,39.520734,-84.405092,trace_-84.405092_39.520734,owner,Wausau Paper an,100001011714.0,100.0,Wausau Paper an,100001011714,100,real_property_paper-mill,2022-01-01 00:00:00,2022-12-31 00:00:00,2023-11-29 22:49:35.95325,,,
18652370,Montville Containerboard Mill,USA,pulp-and-paper,41.451523,-72.1355,trace_-72.1355_41.451523,owner,Rand Whitney Containerboard,100001011694.0,100.0,Rand Whitney Containerboard,100001011694,100,real_property_paper-mill,2022-01-01 00:00:00,2022-12-31 00:00:00,2023-11-29 22:49:35.952677,,,
18652375,Morrilton Integrated Pulp and Paper Mill,USA,pulp-and-paper,35.097184,-92.738506,trace_-92.738506_35.097184,owner,Green Bay Packaging,100001011692.0,100.0,Green Bay Packaging,100001011692,100,real_property_paper-mill,2022-01-01 00:00:00,2022-12-31 00:00:00,2023-11-29 22:49:35.952627,,,
18652348,Neenah Paper Mill,USA,pulp-and-paper,44.187853,-88.46023,trace_-88.46023_44.187853,owner,Neenah Paper,100001011705.0,100.0,Neenah Paper,100001011705,100,real_property_paper-mill,2022-01-01 00:00:00,2022-12-31 00:00:00,2023-11-29 22:49:35.953023,,,
18652490,Palatka Kraft Pulp and Paper Mill,USA,pulp-and-paper,29.6791792,-81.674981,trace_-81.674981_29.6791792,owner,Koch Industries,100000001246.0,100.0,Georgia-Pacific,100000001224,100,real_property_paper-mill,2022-01-01 00:00:00,2022-12-31 00:00:00,2023-11-29 22:49:35.951344,,,"{5654,5655}"
18652387,Port Townsend Pulp & Paper Mill,USA,pulp-and-paper,48.093781,-122.796515,trace_-122.796515_48.093781,owner,Port Townsend Paper,100001011689.0,100.0,Port Townsend Paper,100001011689,100,real_property_paper-mill,2022-01-01 00:00:00,2022-12-31 00:00:00,2023-11-29 22:49:35.952556,,,
18652322,Pryor Pulp and Paper Mill,USA,pulp-and-paper,36.236218,-95.276366,trace_-95.276366_36.236218,owner,Cascades Tissue Group,100001011715.0,100.0,Cascades Tissue Group,100001011715,100,real_property_paper-mill,2022-01-01 00:00:00,2022-12-31 00:00:00,2023-11-29 22:49:35.953274,,,
18652332,Quinnesec Pulp and Paper Mill,USA,pulp-and-paper,45.796906,-87.960067,trace_-87.960067_45.796906,owner,Verso Quinnesec,100001011712.0,100.0,Verso Quinnesec,100001011712,100,real_property_paper-mill,2022-01-01 00:00:00,2022-12-31 00:00:00,2023-11-29 22:49:35.953205,,,
18652394,Riceboro Pulp and Linerboard Mill,USA,pulp-and-paper,31.741489,-81.416342,trace_-81.416342_31.741489,owner,Interstate Paper,100001011687.0,100.0,Interstate Paper,100001011687,100,real_property_paper-mill,2022-01-01 00:00:00,2022-12-31 00:00:00,2023-11-29 22:49:35.952511,,,
18652326,Roaring River Pulp & Hardboard Siding Finishing Mill,USA,pulp-and-paper,36.199367,-81.034495,trace_-81.034495_36.199367,owner,Louisiana Pacific,100001011713.0,100.0,Louisiana Pacific,100001011713,100,real_property_paper-mill,2022-01-01 00:00:00,2022-12-31 00:00:00,2023-11-29 22:49:35.953228,,,
18652406,Roaring Spring Pulp and Paper Mill,USA,pulp-and-paper,40.338506,-78.405214,trace_-78.405214_40.338506,owner,Appvion,100001011686.0,100.0,Appvion,100001011686,100,real_property_paper-mill,2022-01-01 00:00:00,2022-12-31 00:00:00,2023-11-29 22:49:35.952431,,,
18652354,Rumford Pulp and Paper Mill,USA,pulp-and-paper,44.552101,-70.539626,trace_-70.539626_44.552101,owner,Nine Dragons Global Investments,100000000491.0,100.0,Dongguan Nine Dragons Paper Industries,100000002824,100,real_property_paper-mill,2022-01-01 00:00:00,2022-12-31 00:00:00,2023-11-29 22:49:35.952925,,,{6119}
18652340,Saint Francisville Pulp and Paper Mill,USA,pulp-and-paper,30.7096424,-91.3176427,trace_-91.3176427_30.7096424,owner,Hood Container of Louisiana,100001011710.0,100.0,Hood Container of Louisiana,100001011710,100,real_property_paper-mill,2022-01-01 00:00:00,2022-12-31 00:00:00,2023-11-29 22:49:35.953135,,,
18652486,Saint Paul Boxboard Mill,USA,pulp-and-paper,44.959749,-93.192258,trace_-93.192258_44.959749,owner,WestRock,100001011651.0,100.0,WestRock,100001011651,100,real_property_paper-mill,2022-01-01 00:00:00,2022-12-31 00:00:00,2023-11-29 22:49:35.951425,,,
18652494,Skowhegan Somerset Kraft Pulp and Paper Mill,USA,pulp-and-paper,44.703148,-69.643434,trace_-69.643434_44.703148,owner,Sappi Fine Paper North America,100001011646.0,100.0,Sappi Fine Paper North America,100001011646,100,real_property_paper-mill,2022-01-01 00:00:00,2022-12-31 00:00:00,2023-11-29 22:49:35.951247,,,
18652351,South Glens Falls Tissue Mill,USA,pulp-and-paper,43.305036,-73.63859,trace_-73.63859_43.305036,owner,Essity,100001011703.0,100.0,Essity,100001011703,100,real_property_paper-mill,2022-01-01 00:00:00,2022-12-31 00:00:00,2023-11-29 22:49:35.952973,,,
18652491,Spokane Newsprint Paper Mill,USA,pulp-and-paper,47.687694,-117.281166,trace_-117.281166_47.687694,owner,Inland Empire Paper,100001011648.0,100.0,Inland Empire Paper,100001011648,100,real_property_paper-mill,2022-01-01 00:00:00,2022-12-31 00:00:00,2023-11-29 22:49:35.951314,,,
18652347,Waverly Semi-Chemical Pulp & Corrugated Medium Paper Mill,USA,pulp-and-paper,36.084142,-87.93917,trace_-87.93917_36.084142,owner,Hood Container,100001011706.0,100.0,Hood Container,100001011706,100,real_property_paper-mill,2022-01-01 00:00:00,2022-12-31 00:00:00,2023-11-29 22:49:35.953045,,,
18652487,Wisconsin Rapids Pulp Mill,USA,pulp-and-paper,44.396793,-89.827639,trace_-89.827639_44.396793,owner,Verso,100001011650.0,100.0,Verso,100001011650,100,real_property_paper-mill,2022-01-01 00:00:00,2022-12-31 00:00:00,2023-11-29 22:49:35.951389,,,
18652629,Hau Giang Pulp and Paper Mill,VNM,pulp-and-paper,9.940519,105.876567,trace_105.876567_9.940519,owner,Lee & Man Vietnam Paper Manufacturing,100001011548.0,100.0,Lee & Man Vietnam Paper Manufacturing,100001011548,100,real_property_paper-mill,2022-01-01 00:00:00,2022-12-31 00:00:00,2023-11-29 22:49:35.948145,,,
18652664,Durban Tissue Mill,ZAF,pulp-and-paper,-29.717194,30.990352,trace_30.990352_-29.717194,owner,Correll Tissues,100001011520.0,100.0,Correll Tissues,100001011520,100,real_property_paper-mill,2022-01-01 00:00:00,2022-12-31 00:00:00,2023-11-29 22:49:35.94719,,,
18652662,Johannesburg Paper Mill (Rosslyn),ZAF,pulp-and-paper,-25.635747,28.097725,trace_28.097725_-25.635747,owner,Neopak,100001011522.0,100.0,Neopak,100001011522,100,real_property_paper-mill,2022-01-01 00:00:00,2022-12-31 00:00:00,2023-11-29 22:49:35.947237,,,
18652611,Kwa Dukuza Paper Mill (Stanger),ZAF,pulp-and-paper,-29.364007,31.289779,trace_31.289779_-29.364007,owner,Sappi,100000001654.0,100.0,Sappi,100000001654,100,real_property_paper-mill,2022-01-01 00:00:00,2022-12-31 00:00:00,2023-11-29 22:49:35.948603,,,
18652612,Kwa Dukuza Paper Mill (Tugela),ZAF,pulp-and-paper,-29.364007,31.289779,trace_31.289779_-29.364007,owner,Sappi,100000001654.0,,Sappi Southern Africa,100001011563,100,real_property_paper-mill,2022-01-01 00:00:00,2022-12-31 00:00:00,2023-11-29 22:49:35.948555,,,
18652612,Kwa Dukuza Paper Mill (Tugela),ZAF,pulp-and-paper,-29.364007,31.289779,trace_31.289779_-29.364007,owner,,,,Sappi Southern Africa,100001011563,100,real_property_paper-mill,2022-01-01 00:00:00,2022-12-31 00:00:00,2023-11-29 22:49:35.948579,,,
18652660,Pietermaritzburg Tissue Mill,ZAF,pulp-and-paper,-29.579132,30.414839,trace_30.414839_-29.579132,owner,Hygienic Tissue Mills,100001011523.0,100.0,Hygienic Tissue Mills,100001011523,100,real_property_paper-mill,2022-01-01 00:00:00,2022-12-31 00:00:00,2023-11-29 22:49:35.947286,,,
18652663,Pietermaritzburg Tissue Mill,ZAF,pulp-and-paper,-29.599133,30.403352,trace_30.403352_-29.599133,owner,Capital Tissue Mills,100001011521.0,100.0,Capital Tissue Mills,100001011521,100,real_property_paper-mill,2022-01-01 00:00:00,2022-12-31 00:00:00,2023-11-29 22:49:35.947213,,,
